,particle,material,thickness,p,cos_theta,efficiency,hit_additional_layer,all
0,single_n0,ld,0,0.05,0.05,0.0010351966873706005,1.0,966.0
1,single_n0,ld,0,0.05,0.15000000000000002,0.0,0.0,925.0
2,single_n0,ld,0,0.05,0.25,0.0011037527593818985,1.0,906.0
3,single_n0,ld,0,0.05,0.35000000000000003,0.002150537634408602,2.0,930.0
4,single_n0,ld,0,0.05,0.45,0.002061855670103093,2.0,970.0
5,single_n0,ld,0,0.05,0.55,0.0,0.0,921.0
6,single_n0,ld,0,0.05,0.6500000000000001,0.0010559662090813093,1.0,947.0
7,single_n0,ld,0,0.05,0.75,0.00202020202020202,2.0,990.0
8,single_n0,ld,0,0.05,0.8500000000000001,0.0010845986984815619,1.0,922.0
9,single_n0,ld,0,0.15000000000000002,0.05,0.0,0.0,913.0
10,single_n0,ld,0,0.15000000000000002,0.15000000000000002,0.0011160714285714285,1.0,896.0
11,single_n0,ld,0,0.15000000000000002,0.25,0.002352941176470588,2.0,850.0
12,single_n0,ld,0,0.15000000000000002,0.35000000000000003,0.0,0.0,898.0
13,single_n0,ld,0,0.15000000000000002,0.45,0.0010834236186348862,1.0,923.0
14,single_n0,ld,0,0.15000000000000002,0.55,0.0,0.0,890.0
15,single_n0,ld,0,0.15000000000000002,0.6500000000000001,0.0,0.0,887.0
16,single_n0,ld,0,0.15000000000000002,0.75,0.0,0.0,928.0
17,single_n0,ld,0,0.15000000000000002,0.8500000000000001,0.0,0.0,879.0
18,single_n0,ld,0,0.25,0.05,0.0,0.0,945.0
19,single_n0,ld,0,0.25,0.15000000000000002,0.0,0.0,950.0
20,single_n0,ld,0,0.25,0.25,0.0,0.0,938.0
21,single_n0,ld,0,0.25,0.35000000000000003,0.0,0.0,875.0
22,single_n0,ld,0,0.25,0.45,0.0,0.0,961.0
23,single_n0,ld,0,0.25,0.55,0.0,0.0,924.0
24,single_n0,ld,0,0.25,0.6500000000000001,0.0,0.0,913.0
25,single_n0,ld,0,0.25,0.75,0.0,0.0,951.0
26,single_n0,ld,0,0.25,0.8500000000000001,0.0,0.0,896.0
27,single_n0,ld,0,0.35000000000000003,0.05,0.0,0.0,924.0
28,single_n0,ld,0,0.35000000000000003,0.15000000000000002,0.0,0.0,916.0
29,single_n0,ld,0,0.35000000000000003,0.25,0.0010718113612004287,1.0,933.0
30,single_n0,ld,0,0.35000000000000003,0.35000000000000003,0.0,0.0,909.0
31,single_n0,ld,0,0.35000000000000003,0.45,0.0010548523206751054,1.0,948.0
32,single_n0,ld,0,0.35000000000000003,0.55,0.0,0.0,961.0
33,single_n0,ld,0,0.35000000000000003,0.6500000000000001,0.0,0.0,942.0
34,single_n0,ld,0,0.35000000000000003,0.75,0.001075268817204301,1.0,930.0
35,single_n0,ld,0,0.35000000000000003,0.8500000000000001,0.0010526315789473684,1.0,950.0
36,single_n0,ld,0,0.45,0.05,0.0,0.0,917.0
37,single_n0,ld,0,0.45,0.15000000000000002,0.0,0.0,965.0
38,single_n0,ld,0,0.45,0.25,0.0,0.0,941.0
39,single_n0,ld,0,0.45,0.35000000000000003,0.0,0.0,945.0
40,single_n0,ld,0,0.45,0.45,0.0,0.0,902.0
41,single_n0,ld,0,0.45,0.55,0.0,0.0,949.0
42,single_n0,ld,0,0.45,0.6500000000000001,0.0,0.0,900.0
43,single_n0,ld,0,0.45,0.75,0.0,0.0,938.0
44,single_n0,ld,0,0.45,0.8500000000000001,0.0,0.0,1002.0
45,single_n0,ld,0,0.55,0.05,0.0,0.0,958.0
46,single_n0,ld,0,0.55,0.15000000000000002,0.0,0.0,916.0
47,single_n0,ld,0,0.55,0.25,0.0,0.0,891.0
48,single_n0,ld,0,0.55,0.35000000000000003,0.0,0.0,925.0
49,single_n0,ld,0,0.55,0.45,0.0,0.0,900.0
50,single_n0,ld,0,0.55,0.55,0.001,1.0,1000.0
51,single_n0,ld,0,0.55,0.6500000000000001,0.0,0.0,902.0
52,single_n0,ld,0,0.55,0.75,0.0,0.0,905.0
53,single_n0,ld,0,0.55,0.8500000000000001,0.0,0.0,899.0
54,single_n0,ld,0,0.6500000000000001,0.05,0.0,0.0,894.0
55,single_n0,ld,0,0.6500000000000001,0.15000000000000002,0.0,0.0,933.0
56,single_n0,ld,0,0.6500000000000001,0.25,0.0,0.0,898.0
57,single_n0,ld,0,0.6500000000000001,0.35000000000000003,0.002224694104560623,2.0,899.0
58,single_n0,ld,0,0.6500000000000001,0.45,0.0,0.0,929.0
59,single_n0,ld,0,0.6500000000000001,0.55,0.0,0.0,937.0
60,single_n0,ld,0,0.6500000000000001,0.6500000000000001,0.0,0.0,900.0
61,single_n0,ld,0,0.6500000000000001,0.75,0.0010559662090813093,1.0,947.0
62,single_n0,ld,0,0.6500000000000001,0.8500000000000001,0.0,0.0,890.0
63,single_n0,ld,0,0.75,0.05,0.0,0.0,934.0
64,single_n0,ld,0,0.75,0.15000000000000002,0.0,0.0,955.0
65,single_n0,ld,0,0.75,0.25,0.0,0.0,928.0
66,single_n0,ld,0,0.75,0.35000000000000003,0.0,0.0,955.0
67,single_n0,ld,0,0.75,0.45,0.0,0.0,936.0
68,single_n0,ld,0,0.75,0.55,0.0,0.0,957.0
69,single_n0,ld,0,0.75,0.6500000000000001,0.0,0.0,910.0
70,single_n0,ld,0,0.75,0.75,0.0,0.0,924.0
71,single_n0,ld,0,0.75,0.8500000000000001,0.0,0.0,944.0
72,single_n0,ld,0,0.8500000000000001,0.05,0.0,0.0,934.0
73,single_n0,ld,0,0.8500000000000001,0.15000000000000002,0.0010638297872340426,1.0,940.0
74,single_n0,ld,0,0.8500000000000001,0.25,0.0,0.0,893.0
75,single_n0,ld,0,0.8500000000000001,0.35000000000000003,0.0,0.0,952.0
76,single_n0,ld,0,0.8500000000000001,0.45,0.0,0.0,940.0
77,single_n0,ld,0,0.8500000000000001,0.55,0.0,0.0,898.0
78,single_n0,ld,0,0.8500000000000001,0.6500000000000001,0.0,0.0,920.0
79,single_n0,ld,0,0.8500000000000001,0.75,0.0,0.0,884.0
80,single_n0,ld,0,0.8500000000000001,0.8500000000000001,0.0,0.0,919.0
81,single_n0,ld,0,0.95,0.05,0.0,0.0,955.0
82,single_n0,ld,0,0.95,0.15000000000000002,0.0,0.0,918.0
83,single_n0,ld,0,0.95,0.25,0.0,0.0,935.0
84,single_n0,ld,0,0.95,0.35000000000000003,0.0,0.0,963.0
85,single_n0,ld,0,0.95,0.45,0.0,0.0,901.0
86,single_n0,ld,0,0.95,0.55,0.0,0.0,966.0
87,single_n0,ld,0,0.95,0.6500000000000001,0.0,0.0,931.0
88,single_n0,ld,0,0.95,0.75,0.0,0.0,952.0
89,single_n0,ld,0,0.95,0.8500000000000001,0.0,0.0,877.0
90,single_n0,ld,0,1.05,0.05,0.0,0.0,927.0
91,single_n0,ld,0,1.05,0.15000000000000002,0.0,0.0,952.0
92,single_n0,ld,0,1.05,0.25,0.0,0.0,939.0
93,single_n0,ld,0,1.05,0.35000000000000003,0.0,0.0,879.0
94,single_n0,ld,0,1.05,0.45,0.0,0.0,914.0
95,single_n0,ld,0,1.05,0.55,0.0,0.0,925.0
96,single_n0,ld,0,1.05,0.6500000000000001,0.0,0.0,913.0
97,single_n0,ld,0,1.05,0.75,0.0011273957158962795,1.0,887.0
98,single_n0,ld,0,1.05,0.8500000000000001,0.0,0.0,966.0
99,single_n0,ld,0,1.1500000000000001,0.05,0.0,0.0,889.0
100,single_n0,ld,0,1.1500000000000001,0.15000000000000002,0.0,0.0,883.0
101,single_n0,ld,0,1.1500000000000001,0.25,0.0,0.0,933.0
102,single_n0,ld,0,1.1500000000000001,0.35000000000000003,0.0,0.0,919.0
103,single_n0,ld,0,1.1500000000000001,0.45,0.001088139281828074,1.0,919.0
104,single_n0,ld,0,1.1500000000000001,0.55,0.0,0.0,907.0
105,single_n0,ld,0,1.1500000000000001,0.6500000000000001,0.0,0.0,992.0
106,single_n0,ld,0,1.1500000000000001,0.75,0.0,0.0,931.0
107,single_n0,ld,0,1.1500000000000001,0.8500000000000001,0.001092896174863388,1.0,915.0
108,single_n0,ld,20,0.05,0.05,0.042443064182194616,41.0,966.0
109,single_n0,ld,20,0.05,0.15000000000000002,0.06054054054054054,56.0,925.0
110,single_n0,ld,20,0.05,0.25,0.04083885209713024,37.0,906.0
111,single_n0,ld,20,0.05,0.35000000000000003,0.05053763440860215,47.0,930.0
112,single_n0,ld,20,0.05,0.45,0.06494845360824743,63.0,970.0
113,single_n0,ld,20,0.05,0.55,0.05646036916395222,52.0,921.0
114,single_n0,ld,20,0.05,0.6500000000000001,0.06230200633579725,59.0,947.0
115,single_n0,ld,20,0.05,0.75,0.08181818181818182,81.0,990.0
116,single_n0,ld,20,0.05,0.8500000000000001,0.0824295010845987,76.0,922.0
117,single_n0,ld,20,0.15000000000000002,0.05,0.02628696604600219,24.0,913.0
118,single_n0,ld,20,0.15000000000000002,0.15000000000000002,0.018973214285714284,17.0,896.0
119,single_n0,ld,20,0.15000000000000002,0.25,0.02588235294117647,22.0,850.0
120,single_n0,ld,20,0.15000000000000002,0.35000000000000003,0.01893095768374165,17.0,898.0
121,single_n0,ld,20,0.15000000000000002,0.45,0.02275189599133261,21.0,923.0
122,single_n0,ld,20,0.15000000000000002,0.55,0.028089887640449437,25.0,890.0
123,single_n0,ld,20,0.15000000000000002,0.6500000000000001,0.036076662908680945,32.0,887.0
124,single_n0,ld,20,0.15000000000000002,0.75,0.03987068965517242,37.0,928.0
125,single_n0,ld,20,0.15000000000000002,0.8500000000000001,0.03981797497155859,35.0,879.0
126,single_n0,ld,20,0.25,0.05,0.007407407407407408,7.0,945.0
127,single_n0,ld,20,0.25,0.15000000000000002,0.008421052631578947,8.0,950.0
128,single_n0,ld,20,0.25,0.25,0.008528784648187633,8.0,938.0
129,single_n0,ld,20,0.25,0.35000000000000003,0.008,7.0,875.0
130,single_n0,ld,20,0.25,0.45,0.012486992715920915,12.0,961.0
131,single_n0,ld,20,0.25,0.55,0.0183982683982684,17.0,924.0
132,single_n0,ld,20,0.25,0.6500000000000001,0.012048192771084338,11.0,913.0
133,single_n0,ld,20,0.25,0.75,0.012618296529968454,12.0,951.0
134,single_n0,ld,20,0.25,0.8500000000000001,0.010044642857142858,9.0,896.0
135,single_n0,ld,20,0.35000000000000003,0.05,0.005411255411255411,5.0,924.0
136,single_n0,ld,20,0.35000000000000003,0.15000000000000002,0.004366812227074236,4.0,916.0
137,single_n0,ld,20,0.35000000000000003,0.25,0.006430868167202572,6.0,933.0
138,single_n0,ld,20,0.35000000000000003,0.35000000000000003,0.0011001100110011,1.0,909.0
139,single_n0,ld,20,0.35000000000000003,0.45,0.007383966244725738,7.0,948.0
140,single_n0,ld,20,0.35000000000000003,0.55,0.01768990634755463,17.0,961.0
141,single_n0,ld,20,0.35000000000000003,0.6500000000000001,0.005307855626326964,5.0,942.0
142,single_n0,ld,20,0.35000000000000003,0.75,0.0064516129032258064,6.0,930.0
143,single_n0,ld,20,0.35000000000000003,0.8500000000000001,0.014736842105263158,14.0,950.0
144,single_n0,ld,20,0.45,0.05,0.0054525627044711015,5.0,917.0
145,single_n0,ld,20,0.45,0.15000000000000002,0.007253886010362694,7.0,965.0
146,single_n0,ld,20,0.45,0.25,0.005313496280552604,5.0,941.0
147,single_n0,ld,20,0.45,0.35000000000000003,0.008465608465608466,8.0,945.0
148,single_n0,ld,20,0.45,0.45,0.008869179600886918,8.0,902.0
149,single_n0,ld,20,0.45,0.55,0.008429926238145416,8.0,949.0
150,single_n0,ld,20,0.45,0.6500000000000001,0.0077777777777777776,7.0,900.0
151,single_n0,ld,20,0.45,0.75,0.007462686567164179,7.0,938.0
152,single_n0,ld,20,0.45,0.8500000000000001,0.015968063872255488,16.0,1002.0
153,single_n0,ld,20,0.55,0.05,0.0041753653444676405,4.0,958.0
154,single_n0,ld,20,0.55,0.15000000000000002,0.007641921397379912,7.0,916.0
155,single_n0,ld,20,0.55,0.25,0.002244668911335578,2.0,891.0
156,single_n0,ld,20,0.55,0.35000000000000003,0.006486486486486486,6.0,925.0
157,single_n0,ld,20,0.55,0.45,0.008888888888888889,8.0,900.0
158,single_n0,ld,20,0.55,0.55,0.003,3.0,1000.0
159,single_n0,ld,20,0.55,0.6500000000000001,0.007760532150776054,7.0,902.0
160,single_n0,ld,20,0.55,0.75,0.0077348066298342545,7.0,905.0
161,single_n0,ld,20,0.55,0.8500000000000001,0.01557285873192436,14.0,899.0
162,single_n0,ld,20,0.6500000000000001,0.05,0.006711409395973154,6.0,894.0
163,single_n0,ld,20,0.6500000000000001,0.15000000000000002,0.003215434083601286,3.0,933.0
164,single_n0,ld,20,0.6500000000000001,0.25,0.005567928730512249,5.0,898.0
165,single_n0,ld,20,0.6500000000000001,0.35000000000000003,0.0033370411568409346,3.0,899.0
166,single_n0,ld,20,0.6500000000000001,0.45,0.011840688912809472,11.0,929.0
167,single_n0,ld,20,0.6500000000000001,0.55,0.012806830309498399,12.0,937.0
168,single_n0,ld,20,0.6500000000000001,0.6500000000000001,0.006666666666666667,6.0,900.0
169,single_n0,ld,20,0.6500000000000001,0.75,0.013727560718057022,13.0,947.0
170,single_n0,ld,20,0.6500000000000001,0.8500000000000001,0.008988764044943821,8.0,890.0
171,single_n0,ld,20,0.75,0.05,0.0053533190578158455,5.0,934.0
172,single_n0,ld,20,0.75,0.15000000000000002,0.008376963350785341,8.0,955.0
173,single_n0,ld,20,0.75,0.25,0.004310344827586207,4.0,928.0
174,single_n0,ld,20,0.75,0.35000000000000003,0.004188481675392671,4.0,955.0
175,single_n0,ld,20,0.75,0.45,0.005341880341880342,5.0,936.0
176,single_n0,ld,20,0.75,0.55,0.009404388714733543,9.0,957.0
177,single_n0,ld,20,0.75,0.6500000000000001,0.00989010989010989,9.0,910.0
178,single_n0,ld,20,0.75,0.75,0.010822510822510822,10.0,924.0
179,single_n0,ld,20,0.75,0.8500000000000001,0.007415254237288136,7.0,944.0
180,single_n0,ld,20,0.8500000000000001,0.05,0.0010706638115631692,1.0,934.0
181,single_n0,ld,20,0.8500000000000001,0.15000000000000002,0.005319148936170213,5.0,940.0
182,single_n0,ld,20,0.8500000000000001,0.25,0.008958566629339306,8.0,893.0
183,single_n0,ld,20,0.8500000000000001,0.35000000000000003,0.005252100840336135,5.0,952.0
184,single_n0,ld,20,0.8500000000000001,0.45,0.00425531914893617,4.0,940.0
185,single_n0,ld,20,0.8500000000000001,0.55,0.0066815144766146995,6.0,898.0
186,single_n0,ld,20,0.8500000000000001,0.6500000000000001,0.005434782608695652,5.0,920.0
187,single_n0,ld,20,0.8500000000000001,0.75,0.003393665158371041,3.0,884.0
188,single_n0,ld,20,0.8500000000000001,0.8500000000000001,0.007616974972796518,7.0,919.0
189,single_n0,ld,20,0.95,0.05,0.0031413612565445027,3.0,955.0
190,single_n0,ld,20,0.95,0.15000000000000002,0.007625272331154684,7.0,918.0
191,single_n0,ld,20,0.95,0.25,0.0010695187165775401,1.0,935.0
192,single_n0,ld,20,0.95,0.35000000000000003,0.007268951194184839,7.0,963.0
193,single_n0,ld,20,0.95,0.45,0.00776914539400666,7.0,901.0
194,single_n0,ld,20,0.95,0.55,0.007246376811594203,7.0,966.0
195,single_n0,ld,20,0.95,0.6500000000000001,0.00644468313641246,6.0,931.0
196,single_n0,ld,20,0.95,0.75,0.007352941176470588,7.0,952.0
197,single_n0,ld,20,0.95,0.8500000000000001,0.009122006841505131,8.0,877.0
198,single_n0,ld,20,1.05,0.05,0.006472491909385114,6.0,927.0
199,single_n0,ld,20,1.05,0.15000000000000002,0.005252100840336135,5.0,952.0
200,single_n0,ld,20,1.05,0.25,0.002129925452609159,2.0,939.0
201,single_n0,ld,20,1.05,0.35000000000000003,0.006825938566552901,6.0,879.0
202,single_n0,ld,20,1.05,0.45,0.005470459518599562,5.0,914.0
203,single_n0,ld,20,1.05,0.55,0.005405405405405406,5.0,925.0
204,single_n0,ld,20,1.05,0.6500000000000001,0.004381161007667032,4.0,913.0
205,single_n0,ld,20,1.05,0.75,0.007891770011273957,7.0,887.0
206,single_n0,ld,20,1.05,0.8500000000000001,0.013457556935817806,13.0,966.0
207,single_n0,ld,20,1.1500000000000001,0.05,0.00562429696287964,5.0,889.0
208,single_n0,ld,20,1.1500000000000001,0.15000000000000002,0.0011325028312570782,1.0,883.0
209,single_n0,ld,20,1.1500000000000001,0.25,0.004287245444801715,4.0,933.0
210,single_n0,ld,20,1.1500000000000001,0.35000000000000003,0.003264417845484222,3.0,919.0
211,single_n0,ld,20,1.1500000000000001,0.45,0.007616974972796518,7.0,919.0
212,single_n0,ld,20,1.1500000000000001,0.55,0.0033076074972436605,3.0,907.0
213,single_n0,ld,20,1.1500000000000001,0.6500000000000001,0.0030241935483870967,3.0,992.0
214,single_n0,ld,20,1.1500000000000001,0.75,0.007518796992481203,7.0,931.0
215,single_n0,ld,20,1.1500000000000001,0.8500000000000001,0.01092896174863388,10.0,915.0
216,single_n0,ld,10,0.05,0.05,0.024844720496894408,24.0,966.0
217,single_n0,ld,10,0.05,0.15000000000000002,0.018378378378378378,17.0,925.0
218,single_n0,ld,10,0.05,0.25,0.029801324503311258,27.0,906.0
219,single_n0,ld,10,0.05,0.35000000000000003,0.02903225806451613,27.0,930.0
220,single_n0,ld,10,0.05,0.45,0.027835051546391754,27.0,970.0
221,single_n0,ld,10,0.05,0.55,0.029315960912052116,27.0,921.0
222,single_n0,ld,10,0.05,0.6500000000000001,0.030623020063357972,29.0,947.0
223,single_n0,ld,10,0.05,0.75,0.03636363636363636,36.0,990.0
224,single_n0,ld,10,0.05,0.8500000000000001,0.0368763557483731,34.0,922.0
225,single_n0,ld,10,0.15000000000000002,0.05,0.008762322015334063,8.0,913.0
226,single_n0,ld,10,0.15000000000000002,0.15000000000000002,0.0078125,7.0,896.0
227,single_n0,ld,10,0.15000000000000002,0.25,0.01411764705882353,12.0,850.0
228,single_n0,ld,10,0.15000000000000002,0.35000000000000003,0.01002227171492205,9.0,898.0
229,single_n0,ld,10,0.15000000000000002,0.45,0.02275189599133261,21.0,923.0
230,single_n0,ld,10,0.15000000000000002,0.55,0.019101123595505618,17.0,890.0
231,single_n0,ld,10,0.15000000000000002,0.6500000000000001,0.007891770011273957,7.0,887.0
232,single_n0,ld,10,0.15000000000000002,0.75,0.016163793103448277,15.0,928.0
233,single_n0,ld,10,0.15000000000000002,0.8500000000000001,0.030716723549488054,27.0,879.0
234,single_n0,ld,10,0.25,0.05,0.007407407407407408,7.0,945.0
235,single_n0,ld,10,0.25,0.15000000000000002,0.00631578947368421,6.0,950.0
236,single_n0,ld,10,0.25,0.25,0.0042643923240938165,4.0,938.0
237,single_n0,ld,10,0.25,0.35000000000000003,0.0034285714285714284,3.0,875.0
238,single_n0,ld,10,0.25,0.45,0.009365244536940686,9.0,961.0
239,single_n0,ld,10,0.25,0.55,0.011904761904761904,11.0,924.0
240,single_n0,ld,10,0.25,0.6500000000000001,0.0032858707557502738,3.0,913.0
241,single_n0,ld,10,0.25,0.75,0.012618296529968454,12.0,951.0
242,single_n0,ld,10,0.25,0.8500000000000001,0.008928571428571428,8.0,896.0
243,single_n0,ld,10,0.35000000000000003,0.05,0.0010822510822510823,1.0,924.0
244,single_n0,ld,10,0.35000000000000003,0.15000000000000002,0.001091703056768559,1.0,916.0
245,single_n0,ld,10,0.35000000000000003,0.25,0.007502679528403001,7.0,933.0
246,single_n0,ld,10,0.35000000000000003,0.35000000000000003,0.0033003300330033004,3.0,909.0
247,single_n0,ld,10,0.35000000000000003,0.45,0.007383966244725738,7.0,948.0
248,single_n0,ld,10,0.35000000000000003,0.55,0.003121748178980229,3.0,961.0
249,single_n0,ld,10,0.35000000000000003,0.6500000000000001,0.0031847133757961785,3.0,942.0
250,single_n0,ld,10,0.35000000000000003,0.75,0.005376344086021506,5.0,930.0
251,single_n0,ld,10,0.35000000000000003,0.8500000000000001,0.005263157894736842,5.0,950.0
252,single_n0,ld,10,0.45,0.05,0.004362050163576881,4.0,917.0
253,single_n0,ld,10,0.45,0.15000000000000002,0.0062176165803108805,6.0,965.0
254,single_n0,ld,10,0.45,0.25,0.0010626992561105207,1.0,941.0
255,single_n0,ld,10,0.45,0.35000000000000003,0.004232804232804233,4.0,945.0
256,single_n0,ld,10,0.45,0.45,0.005543237250554324,5.0,902.0
257,single_n0,ld,10,0.45,0.55,0.004214963119072708,4.0,949.0
258,single_n0,ld,10,0.45,0.6500000000000001,0.0022222222222222222,2.0,900.0
259,single_n0,ld,10,0.45,0.75,0.006396588486140725,6.0,938.0
260,single_n0,ld,10,0.45,0.8500000000000001,0.005988023952095809,6.0,1002.0
261,single_n0,ld,10,0.55,0.05,0.0020876826722338203,2.0,958.0
262,single_n0,ld,10,0.55,0.15000000000000002,0.004366812227074236,4.0,916.0
263,single_n0,ld,10,0.55,0.25,0.003367003367003367,3.0,891.0
264,single_n0,ld,10,0.55,0.35000000000000003,0.003243243243243243,3.0,925.0
265,single_n0,ld,10,0.55,0.45,0.005555555555555556,5.0,900.0
266,single_n0,ld,10,0.55,0.55,0.004,4.0,1000.0
267,single_n0,ld,10,0.55,0.6500000000000001,0.004434589800443459,4.0,902.0
268,single_n0,ld,10,0.55,0.75,0.0022099447513812156,2.0,905.0
269,single_n0,ld,10,0.55,0.8500000000000001,0.00778642936596218,7.0,899.0
270,single_n0,ld,10,0.6500000000000001,0.05,0.005592841163310962,5.0,894.0
271,single_n0,ld,10,0.6500000000000001,0.15000000000000002,0.0021436227224008574,2.0,933.0
272,single_n0,ld,10,0.6500000000000001,0.25,0.0011135857461024498,1.0,898.0
273,single_n0,ld,10,0.6500000000000001,0.35000000000000003,0.0033370411568409346,3.0,899.0
274,single_n0,ld,10,0.6500000000000001,0.45,0.001076426264800861,1.0,929.0
275,single_n0,ld,10,0.6500000000000001,0.55,0.004268943436499467,4.0,937.0
276,single_n0,ld,10,0.6500000000000001,0.6500000000000001,0.0011111111111111111,1.0,900.0
277,single_n0,ld,10,0.6500000000000001,0.75,0.0010559662090813093,1.0,947.0
278,single_n0,ld,10,0.6500000000000001,0.8500000000000001,0.008988764044943821,8.0,890.0
279,single_n0,ld,10,0.75,0.05,0.0021413276231263384,2.0,934.0
280,single_n0,ld,10,0.75,0.15000000000000002,0.0031413612565445027,3.0,955.0
281,single_n0,ld,10,0.75,0.25,0.0010775862068965517,1.0,928.0
282,single_n0,ld,10,0.75,0.35000000000000003,0.004188481675392671,4.0,955.0
283,single_n0,ld,10,0.75,0.45,0.0010683760683760685,1.0,936.0
284,single_n0,ld,10,0.75,0.55,0.0041797283176593526,4.0,957.0
285,single_n0,ld,10,0.75,0.6500000000000001,0.006593406593406593,6.0,910.0
286,single_n0,ld,10,0.75,0.75,0.005411255411255411,5.0,924.0
287,single_n0,ld,10,0.75,0.8500000000000001,0.009533898305084746,9.0,944.0
288,single_n0,ld,10,0.8500000000000001,0.05,0.0021413276231263384,2.0,934.0
289,single_n0,ld,10,0.8500000000000001,0.15000000000000002,0.0010638297872340426,1.0,940.0
290,single_n0,ld,10,0.8500000000000001,0.25,0.0033594624860022394,3.0,893.0
291,single_n0,ld,10,0.8500000000000001,0.35000000000000003,0.0,0.0,952.0
292,single_n0,ld,10,0.8500000000000001,0.45,0.0010638297872340426,1.0,940.0
293,single_n0,ld,10,0.8500000000000001,0.55,0.005567928730512249,5.0,898.0
294,single_n0,ld,10,0.8500000000000001,0.6500000000000001,0.005434782608695652,5.0,920.0
295,single_n0,ld,10,0.8500000000000001,0.75,0.003393665158371041,3.0,884.0
296,single_n0,ld,10,0.8500000000000001,0.8500000000000001,0.00544069640914037,5.0,919.0
297,single_n0,ld,10,0.95,0.05,0.0010471204188481676,1.0,955.0
298,single_n0,ld,10,0.95,0.15000000000000002,0.002178649237472767,2.0,918.0
299,single_n0,ld,10,0.95,0.25,0.0,0.0,935.0
300,single_n0,ld,10,0.95,0.35000000000000003,0.0020768431983385254,2.0,963.0
301,single_n0,ld,10,0.95,0.45,0.0022197558268590455,2.0,901.0
302,single_n0,ld,10,0.95,0.55,0.005175983436853002,5.0,966.0
303,single_n0,ld,10,0.95,0.6500000000000001,0.0010741138560687433,1.0,931.0
304,single_n0,ld,10,0.95,0.75,0.0031512605042016808,3.0,952.0
305,single_n0,ld,10,0.95,0.8500000000000001,0.002280501710376283,2.0,877.0
306,single_n0,ld,10,1.05,0.05,0.004314994606256742,4.0,927.0
307,single_n0,ld,10,1.05,0.15000000000000002,0.004201680672268907,4.0,952.0
308,single_n0,ld,10,1.05,0.25,0.002129925452609159,2.0,939.0
309,single_n0,ld,10,1.05,0.35000000000000003,0.0022753128555176336,2.0,879.0
310,single_n0,ld,10,1.05,0.45,0.0,0.0,914.0
311,single_n0,ld,10,1.05,0.55,0.002162162162162162,2.0,925.0
312,single_n0,ld,10,1.05,0.6500000000000001,0.004381161007667032,4.0,913.0
313,single_n0,ld,10,1.05,0.75,0.0033821871476888386,3.0,887.0
314,single_n0,ld,10,1.05,0.8500000000000001,0.006211180124223602,6.0,966.0
315,single_n0,ld,10,1.1500000000000001,0.05,0.0,0.0,889.0
316,single_n0,ld,10,1.1500000000000001,0.15000000000000002,0.004530011325028313,4.0,883.0
317,single_n0,ld,10,1.1500000000000001,0.25,0.0010718113612004287,1.0,933.0
318,single_n0,ld,10,1.1500000000000001,0.35000000000000003,0.00544069640914037,5.0,919.0
319,single_n0,ld,10,1.1500000000000001,0.45,0.0,0.0,919.0
320,single_n0,ld,10,1.1500000000000001,0.55,0.0011025358324145535,1.0,907.0
321,single_n0,ld,10,1.1500000000000001,0.6500000000000001,0.0030241935483870967,3.0,992.0
322,single_n0,ld,10,1.1500000000000001,0.75,0.004296455424274973,4.0,931.0
323,single_n0,ld,10,1.1500000000000001,0.8500000000000001,0.0,0.0,915.0
324,single_n0,csi,0,0.05,0.05,0.0010351966873706005,1.0,966.0
325,single_n0,csi,0,0.05,0.15000000000000002,0.0,0.0,925.0
326,single_n0,csi,0,0.05,0.25,0.0011037527593818985,1.0,906.0
327,single_n0,csi,0,0.05,0.35000000000000003,0.002150537634408602,2.0,930.0
328,single_n0,csi,0,0.05,0.45,0.002061855670103093,2.0,970.0
329,single_n0,csi,0,0.05,0.55,0.0,0.0,921.0
330,single_n0,csi,0,0.05,0.6500000000000001,0.0010559662090813093,1.0,947.0
331,single_n0,csi,0,0.05,0.75,0.00202020202020202,2.0,990.0
332,single_n0,csi,0,0.05,0.8500000000000001,0.0010845986984815619,1.0,922.0
333,single_n0,csi,0,0.15000000000000002,0.05,0.0,0.0,913.0
334,single_n0,csi,0,0.15000000000000002,0.15000000000000002,0.0011160714285714285,1.0,896.0
335,single_n0,csi,0,0.15000000000000002,0.25,0.002352941176470588,2.0,850.0
336,single_n0,csi,0,0.15000000000000002,0.35000000000000003,0.0,0.0,898.0
337,single_n0,csi,0,0.15000000000000002,0.45,0.0010834236186348862,1.0,923.0
338,single_n0,csi,0,0.15000000000000002,0.55,0.0,0.0,890.0
339,single_n0,csi,0,0.15000000000000002,0.6500000000000001,0.0,0.0,887.0
340,single_n0,csi,0,0.15000000000000002,0.75,0.0,0.0,928.0
341,single_n0,csi,0,0.15000000000000002,0.8500000000000001,0.0,0.0,879.0
342,single_n0,csi,0,0.25,0.05,0.0,0.0,945.0
343,single_n0,csi,0,0.25,0.15000000000000002,0.0,0.0,950.0
344,single_n0,csi,0,0.25,0.25,0.0,0.0,938.0
345,single_n0,csi,0,0.25,0.35000000000000003,0.0,0.0,875.0
346,single_n0,csi,0,0.25,0.45,0.0,0.0,961.0
347,single_n0,csi,0,0.25,0.55,0.0,0.0,924.0
348,single_n0,csi,0,0.25,0.6500000000000001,0.0,0.0,913.0
349,single_n0,csi,0,0.25,0.75,0.0,0.0,951.0
350,single_n0,csi,0,0.25,0.8500000000000001,0.0,0.0,896.0
351,single_n0,csi,0,0.35000000000000003,0.05,0.0,0.0,924.0
352,single_n0,csi,0,0.35000000000000003,0.15000000000000002,0.0,0.0,916.0
353,single_n0,csi,0,0.35000000000000003,0.25,0.0010718113612004287,1.0,933.0
354,single_n0,csi,0,0.35000000000000003,0.35000000000000003,0.0,0.0,909.0
355,single_n0,csi,0,0.35000000000000003,0.45,0.0010548523206751054,1.0,948.0
356,single_n0,csi,0,0.35000000000000003,0.55,0.0,0.0,961.0
357,single_n0,csi,0,0.35000000000000003,0.6500000000000001,0.0,0.0,942.0
358,single_n0,csi,0,0.35000000000000003,0.75,0.001075268817204301,1.0,930.0
359,single_n0,csi,0,0.35000000000000003,0.8500000000000001,0.0010526315789473684,1.0,950.0
360,single_n0,csi,0,0.45,0.05,0.0,0.0,917.0
361,single_n0,csi,0,0.45,0.15000000000000002,0.0,0.0,965.0
362,single_n0,csi,0,0.45,0.25,0.0,0.0,941.0
363,single_n0,csi,0,0.45,0.35000000000000003,0.0,0.0,945.0
364,single_n0,csi,0,0.45,0.45,0.0,0.0,902.0
365,single_n0,csi,0,0.45,0.55,0.0,0.0,949.0
366,single_n0,csi,0,0.45,0.6500000000000001,0.0,0.0,900.0
367,single_n0,csi,0,0.45,0.75,0.0,0.0,938.0
368,single_n0,csi,0,0.45,0.8500000000000001,0.0,0.0,1002.0
369,single_n0,csi,0,0.55,0.05,0.0,0.0,958.0
370,single_n0,csi,0,0.55,0.15000000000000002,0.0,0.0,916.0
371,single_n0,csi,0,0.55,0.25,0.0,0.0,891.0
372,single_n0,csi,0,0.55,0.35000000000000003,0.0,0.0,925.0
373,single_n0,csi,0,0.55,0.45,0.0,0.0,900.0
374,single_n0,csi,0,0.55,0.55,0.001,1.0,1000.0
375,single_n0,csi,0,0.55,0.6500000000000001,0.0,0.0,902.0
376,single_n0,csi,0,0.55,0.75,0.0,0.0,905.0
377,single_n0,csi,0,0.55,0.8500000000000001,0.0,0.0,899.0
378,single_n0,csi,0,0.6500000000000001,0.05,0.0,0.0,894.0
379,single_n0,csi,0,0.6500000000000001,0.15000000000000002,0.0,0.0,933.0
380,single_n0,csi,0,0.6500000000000001,0.25,0.0,0.0,898.0
381,single_n0,csi,0,0.6500000000000001,0.35000000000000003,0.002224694104560623,2.0,899.0
382,single_n0,csi,0,0.6500000000000001,0.45,0.0,0.0,929.0
383,single_n0,csi,0,0.6500000000000001,0.55,0.0,0.0,937.0
384,single_n0,csi,0,0.6500000000000001,0.6500000000000001,0.0,0.0,900.0
385,single_n0,csi,0,0.6500000000000001,0.75,0.0010559662090813093,1.0,947.0
386,single_n0,csi,0,0.6500000000000001,0.8500000000000001,0.0,0.0,890.0
387,single_n0,csi,0,0.75,0.05,0.0,0.0,934.0
388,single_n0,csi,0,0.75,0.15000000000000002,0.0,0.0,955.0
389,single_n0,csi,0,0.75,0.25,0.0,0.0,928.0
390,single_n0,csi,0,0.75,0.35000000000000003,0.0,0.0,955.0
391,single_n0,csi,0,0.75,0.45,0.0,0.0,936.0
392,single_n0,csi,0,0.75,0.55,0.0,0.0,957.0
393,single_n0,csi,0,0.75,0.6500000000000001,0.0,0.0,910.0
394,single_n0,csi,0,0.75,0.75,0.0,0.0,924.0
395,single_n0,csi,0,0.75,0.8500000000000001,0.0,0.0,944.0
396,single_n0,csi,0,0.8500000000000001,0.05,0.0,0.0,934.0
397,single_n0,csi,0,0.8500000000000001,0.15000000000000002,0.0010638297872340426,1.0,940.0
398,single_n0,csi,0,0.8500000000000001,0.25,0.0,0.0,893.0
399,single_n0,csi,0,0.8500000000000001,0.35000000000000003,0.0,0.0,952.0
400,single_n0,csi,0,0.8500000000000001,0.45,0.0,0.0,940.0
401,single_n0,csi,0,0.8500000000000001,0.55,0.0,0.0,898.0
402,single_n0,csi,0,0.8500000000000001,0.6500000000000001,0.0,0.0,920.0
403,single_n0,csi,0,0.8500000000000001,0.75,0.0,0.0,884.0
404,single_n0,csi,0,0.8500000000000001,0.8500000000000001,0.0,0.0,919.0
405,single_n0,csi,0,0.95,0.05,0.0,0.0,955.0
406,single_n0,csi,0,0.95,0.15000000000000002,0.0,0.0,918.0
407,single_n0,csi,0,0.95,0.25,0.0,0.0,935.0
408,single_n0,csi,0,0.95,0.35000000000000003,0.0,0.0,963.0
409,single_n0,csi,0,0.95,0.45,0.0,0.0,901.0
410,single_n0,csi,0,0.95,0.55,0.0,0.0,966.0
411,single_n0,csi,0,0.95,0.6500000000000001,0.0,0.0,931.0
412,single_n0,csi,0,0.95,0.75,0.0,0.0,952.0
413,single_n0,csi,0,0.95,0.8500000000000001,0.0,0.0,877.0
414,single_n0,csi,0,1.05,0.05,0.0,0.0,927.0
415,single_n0,csi,0,1.05,0.15000000000000002,0.0,0.0,952.0
416,single_n0,csi,0,1.05,0.25,0.0,0.0,939.0
417,single_n0,csi,0,1.05,0.35000000000000003,0.0,0.0,879.0
418,single_n0,csi,0,1.05,0.45,0.0,0.0,914.0
419,single_n0,csi,0,1.05,0.55,0.0,0.0,925.0
420,single_n0,csi,0,1.05,0.6500000000000001,0.0,0.0,913.0
421,single_n0,csi,0,1.05,0.75,0.0011273957158962795,1.0,887.0
422,single_n0,csi,0,1.05,0.8500000000000001,0.0,0.0,966.0
423,single_n0,csi,0,1.1500000000000001,0.05,0.0,0.0,889.0
424,single_n0,csi,0,1.1500000000000001,0.15000000000000002,0.0,0.0,883.0
425,single_n0,csi,0,1.1500000000000001,0.25,0.0,0.0,933.0
426,single_n0,csi,0,1.1500000000000001,0.35000000000000003,0.0,0.0,919.0
427,single_n0,csi,0,1.1500000000000001,0.45,0.001088139281828074,1.0,919.0
428,single_n0,csi,0,1.1500000000000001,0.55,0.0,0.0,907.0
429,single_n0,csi,0,1.1500000000000001,0.6500000000000001,0.0,0.0,992.0
430,single_n0,csi,0,1.1500000000000001,0.75,0.0,0.0,931.0
431,single_n0,csi,0,1.1500000000000001,0.8500000000000001,0.001092896174863388,1.0,915.0
432,single_n0,csi,8,0.05,0.05,0.018633540372670808,18.0,966.0
433,single_n0,csi,8,0.05,0.15000000000000002,0.02918918918918919,27.0,925.0
434,single_n0,csi,8,0.05,0.25,0.023178807947019868,21.0,906.0
435,single_n0,csi,8,0.05,0.35000000000000003,0.01935483870967742,18.0,930.0
436,single_n0,csi,8,0.05,0.45,0.027835051546391754,27.0,970.0
437,single_n0,csi,8,0.05,0.55,0.019543973941368076,18.0,921.0
438,single_n0,csi,8,0.05,0.6500000000000001,0.01795142555438226,17.0,947.0
439,single_n0,csi,8,0.05,0.75,0.026262626262626262,26.0,990.0
440,single_n0,csi,8,0.05,0.8500000000000001,0.03253796095444685,30.0,922.0
441,single_n0,csi,8,0.15000000000000002,0.05,0.007667031763417305,7.0,913.0
442,single_n0,csi,8,0.15000000000000002,0.15000000000000002,0.010044642857142858,9.0,896.0
443,single_n0,csi,8,0.15000000000000002,0.25,0.002352941176470588,2.0,850.0
444,single_n0,csi,8,0.15000000000000002,0.35000000000000003,0.01002227171492205,9.0,898.0
445,single_n0,csi,8,0.15000000000000002,0.45,0.00866738894907909,8.0,923.0
446,single_n0,csi,8,0.15000000000000002,0.55,0.0044943820224719105,4.0,890.0
447,single_n0,csi,8,0.15000000000000002,0.6500000000000001,0.011273957158962795,10.0,887.0
448,single_n0,csi,8,0.15000000000000002,0.75,0.011853448275862068,11.0,928.0
449,single_n0,csi,8,0.15000000000000002,0.8500000000000001,0.015927189988623434,14.0,879.0
450,single_n0,csi,8,0.25,0.05,0.0021164021164021165,2.0,945.0
451,single_n0,csi,8,0.25,0.15000000000000002,0.004210526315789474,4.0,950.0
452,single_n0,csi,8,0.25,0.25,0.0021321961620469083,2.0,938.0
453,single_n0,csi,8,0.25,0.35000000000000003,0.004571428571428572,4.0,875.0
454,single_n0,csi,8,0.25,0.45,0.005202913631633715,5.0,961.0
455,single_n0,csi,8,0.25,0.55,0.004329004329004329,4.0,924.0
456,single_n0,csi,8,0.25,0.6500000000000001,0.008762322015334063,8.0,913.0
457,single_n0,csi,8,0.25,0.75,0.005257623554153523,5.0,951.0
458,single_n0,csi,8,0.25,0.8500000000000001,0.005580357142857143,5.0,896.0
459,single_n0,csi,8,0.35000000000000003,0.05,0.0021645021645021645,2.0,924.0
460,single_n0,csi,8,0.35000000000000003,0.15000000000000002,0.001091703056768559,1.0,916.0
461,single_n0,csi,8,0.35000000000000003,0.25,0.0010718113612004287,1.0,933.0
462,single_n0,csi,8,0.35000000000000003,0.35000000000000003,0.0033003300330033004,3.0,909.0
463,single_n0,csi,8,0.35000000000000003,0.45,0.0010548523206751054,1.0,948.0
464,single_n0,csi,8,0.35000000000000003,0.55,0.002081165452653486,2.0,961.0
465,single_n0,csi,8,0.35000000000000003,0.6500000000000001,0.004246284501061571,4.0,942.0
466,single_n0,csi,8,0.35000000000000003,0.75,0.007526881720430108,7.0,930.0
467,single_n0,csi,8,0.35000000000000003,0.8500000000000001,0.008421052631578947,8.0,950.0
468,single_n0,csi,8,0.45,0.05,0.003271537622682661,3.0,917.0
469,single_n0,csi,8,0.45,0.15000000000000002,0.004145077720207254,4.0,965.0
470,single_n0,csi,8,0.45,0.25,0.003188097768331562,3.0,941.0
471,single_n0,csi,8,0.45,0.35000000000000003,0.0010582010582010583,1.0,945.0
472,single_n0,csi,8,0.45,0.45,0.0033259423503325942,3.0,902.0
473,single_n0,csi,8,0.45,0.55,0.005268703898840885,5.0,949.0
474,single_n0,csi,8,0.45,0.6500000000000001,0.0044444444444444444,4.0,900.0
475,single_n0,csi,8,0.45,0.75,0.005330490405117271,5.0,938.0
476,single_n0,csi,8,0.45,0.8500000000000001,0.005988023952095809,6.0,1002.0
477,single_n0,csi,8,0.55,0.05,0.0020876826722338203,2.0,958.0
478,single_n0,csi,8,0.55,0.15000000000000002,0.002183406113537118,2.0,916.0
479,single_n0,csi,8,0.55,0.25,0.005611672278338945,5.0,891.0
480,single_n0,csi,8,0.55,0.35000000000000003,0.003243243243243243,3.0,925.0
481,single_n0,csi,8,0.55,0.45,0.0044444444444444444,4.0,900.0
482,single_n0,csi,8,0.55,0.55,0.001,1.0,1000.0
483,single_n0,csi,8,0.55,0.6500000000000001,0.0033259423503325942,3.0,902.0
484,single_n0,csi,8,0.55,0.75,0.0022099447513812156,2.0,905.0
485,single_n0,csi,8,0.55,0.8500000000000001,0.0055617352614015575,5.0,899.0
486,single_n0,csi,8,0.6500000000000001,0.05,0.0022371364653243847,2.0,894.0
487,single_n0,csi,8,0.6500000000000001,0.15000000000000002,0.0021436227224008574,2.0,933.0
488,single_n0,csi,8,0.6500000000000001,0.25,0.0022271714922048997,2.0,898.0
489,single_n0,csi,8,0.6500000000000001,0.35000000000000003,0.0,0.0,899.0
490,single_n0,csi,8,0.6500000000000001,0.45,0.002152852529601722,2.0,929.0
491,single_n0,csi,8,0.6500000000000001,0.55,0.0010672358591248667,1.0,937.0
492,single_n0,csi,8,0.6500000000000001,0.6500000000000001,0.0011111111111111111,1.0,900.0
493,single_n0,csi,8,0.6500000000000001,0.75,0.0031678986272439284,3.0,947.0
494,single_n0,csi,8,0.6500000000000001,0.8500000000000001,0.0044943820224719105,4.0,890.0
495,single_n0,csi,8,0.75,0.05,0.0010706638115631692,1.0,934.0
496,single_n0,csi,8,0.75,0.15000000000000002,0.005235602094240838,5.0,955.0
497,single_n0,csi,8,0.75,0.25,0.0021551724137931034,2.0,928.0
498,single_n0,csi,8,0.75,0.35000000000000003,0.0020942408376963353,2.0,955.0
499,single_n0,csi,8,0.75,0.45,0.004273504273504274,4.0,936.0
500,single_n0,csi,8,0.75,0.55,0.003134796238244514,3.0,957.0
501,single_n0,csi,8,0.75,0.6500000000000001,0.001098901098901099,1.0,910.0
502,single_n0,csi,8,0.75,0.75,0.004329004329004329,4.0,924.0
503,single_n0,csi,8,0.75,0.8500000000000001,0.005296610169491525,5.0,944.0
504,single_n0,csi,8,0.8500000000000001,0.05,0.0021413276231263384,2.0,934.0
505,single_n0,csi,8,0.8500000000000001,0.15000000000000002,0.0031914893617021275,3.0,940.0
506,single_n0,csi,8,0.8500000000000001,0.25,0.0011198208286674132,1.0,893.0
507,single_n0,csi,8,0.8500000000000001,0.35000000000000003,0.0021008403361344537,2.0,952.0
508,single_n0,csi,8,0.8500000000000001,0.45,0.0010638297872340426,1.0,940.0
509,single_n0,csi,8,0.8500000000000001,0.55,0.0011135857461024498,1.0,898.0
510,single_n0,csi,8,0.8500000000000001,0.6500000000000001,0.005434782608695652,5.0,920.0
511,single_n0,csi,8,0.8500000000000001,0.75,0.003393665158371041,3.0,884.0
512,single_n0,csi,8,0.8500000000000001,0.8500000000000001,0.001088139281828074,1.0,919.0
513,single_n0,csi,8,0.95,0.05,0.0062827225130890054,6.0,955.0
514,single_n0,csi,8,0.95,0.15000000000000002,0.0032679738562091504,3.0,918.0
515,single_n0,csi,8,0.95,0.25,0.0021390374331550803,2.0,935.0
516,single_n0,csi,8,0.95,0.35000000000000003,0.0010384215991692627,1.0,963.0
517,single_n0,csi,8,0.95,0.45,0.0,0.0,901.0
518,single_n0,csi,8,0.95,0.55,0.0,0.0,966.0
519,single_n0,csi,8,0.95,0.6500000000000001,0.0021482277121374865,2.0,931.0
520,single_n0,csi,8,0.95,0.75,0.0021008403361344537,2.0,952.0
521,single_n0,csi,8,0.95,0.8500000000000001,0.004561003420752566,4.0,877.0
522,single_n0,csi,8,1.05,0.05,0.005393743257820928,5.0,927.0
523,single_n0,csi,8,1.05,0.15000000000000002,0.0021008403361344537,2.0,952.0
524,single_n0,csi,8,1.05,0.25,0.004259850905218318,4.0,939.0
525,single_n0,csi,8,1.05,0.35000000000000003,0.0011376564277588168,1.0,879.0
526,single_n0,csi,8,1.05,0.45,0.0010940919037199124,1.0,914.0
527,single_n0,csi,8,1.05,0.55,0.003243243243243243,3.0,925.0
528,single_n0,csi,8,1.05,0.6500000000000001,0.001095290251916758,1.0,913.0
529,single_n0,csi,8,1.05,0.75,0.004509582863585118,4.0,887.0
530,single_n0,csi,8,1.05,0.8500000000000001,0.0010351966873706005,1.0,966.0
531,single_n0,csi,8,1.1500000000000001,0.05,0.0022497187851518562,2.0,889.0
532,single_n0,csi,8,1.1500000000000001,0.15000000000000002,0.0033975084937712344,3.0,883.0
533,single_n0,csi,8,1.1500000000000001,0.25,0.0010718113612004287,1.0,933.0
534,single_n0,csi,8,1.1500000000000001,0.35000000000000003,0.003264417845484222,3.0,919.0
535,single_n0,csi,8,1.1500000000000001,0.45,0.0,0.0,919.0
536,single_n0,csi,8,1.1500000000000001,0.55,0.002205071664829107,2.0,907.0
537,single_n0,csi,8,1.1500000000000001,0.6500000000000001,0.0,0.0,992.0
538,single_n0,csi,8,1.1500000000000001,0.75,0.0053705692803437165,5.0,931.0
539,single_n0,csi,8,1.1500000000000001,0.8500000000000001,0.002185792349726776,2.0,915.0
540,single_n0,csi,6,0.05,0.05,0.021739130434782608,21.0,966.0
541,single_n0,csi,6,0.05,0.15000000000000002,0.012972972972972972,12.0,925.0
542,single_n0,csi,6,0.05,0.25,0.01545253863134658,14.0,906.0
543,single_n0,csi,6,0.05,0.35000000000000003,0.013978494623655914,13.0,930.0
544,single_n0,csi,6,0.05,0.45,0.021649484536082474,21.0,970.0
545,single_n0,csi,6,0.05,0.55,0.019543973941368076,18.0,921.0
546,single_n0,csi,6,0.05,0.6500000000000001,0.01689545934530095,16.0,947.0
547,single_n0,csi,6,0.05,0.75,0.01818181818181818,18.0,990.0
548,single_n0,csi,6,0.05,0.8500000000000001,0.0227765726681128,21.0,922.0
549,single_n0,csi,6,0.15000000000000002,0.05,0.004381161007667032,4.0,913.0
550,single_n0,csi,6,0.15000000000000002,0.15000000000000002,0.008928571428571428,8.0,896.0
551,single_n0,csi,6,0.15000000000000002,0.25,0.0035294117647058825,3.0,850.0
552,single_n0,csi,6,0.15000000000000002,0.35000000000000003,0.011135857461024499,10.0,898.0
553,single_n0,csi,6,0.15000000000000002,0.45,0.00866738894907909,8.0,923.0
554,single_n0,csi,6,0.15000000000000002,0.55,0.008988764044943821,8.0,890.0
555,single_n0,csi,6,0.15000000000000002,0.6500000000000001,0.007891770011273957,7.0,887.0
556,single_n0,csi,6,0.15000000000000002,0.75,0.011853448275862068,11.0,928.0
557,single_n0,csi,6,0.15000000000000002,0.8500000000000001,0.013651877133105802,12.0,879.0
558,single_n0,csi,6,0.25,0.05,0.004232804232804233,4.0,945.0
559,single_n0,csi,6,0.25,0.15000000000000002,0.0010526315789473684,1.0,950.0
560,single_n0,csi,6,0.25,0.25,0.005330490405117271,5.0,938.0
561,single_n0,csi,6,0.25,0.35000000000000003,0.004571428571428572,4.0,875.0
562,single_n0,csi,6,0.25,0.45,0.01040582726326743,10.0,961.0
563,single_n0,csi,6,0.25,0.55,0.003246753246753247,3.0,924.0
564,single_n0,csi,6,0.25,0.6500000000000001,0.0032858707557502738,3.0,913.0
565,single_n0,csi,6,0.25,0.75,0.007360672975814932,7.0,951.0
566,single_n0,csi,6,0.25,0.8500000000000001,0.005580357142857143,5.0,896.0
567,single_n0,csi,6,0.35000000000000003,0.05,0.005411255411255411,5.0,924.0
568,single_n0,csi,6,0.35000000000000003,0.15000000000000002,0.0032751091703056767,3.0,916.0
569,single_n0,csi,6,0.35000000000000003,0.25,0.003215434083601286,3.0,933.0
570,single_n0,csi,6,0.35000000000000003,0.35000000000000003,0.0033003300330033004,3.0,909.0
571,single_n0,csi,6,0.35000000000000003,0.45,0.004219409282700422,4.0,948.0
572,single_n0,csi,6,0.35000000000000003,0.55,0.004162330905306972,4.0,961.0
573,single_n0,csi,6,0.35000000000000003,0.6500000000000001,0.0010615711252653928,1.0,942.0
574,single_n0,csi,6,0.35000000000000003,0.75,0.004301075268817204,4.0,930.0
575,single_n0,csi,6,0.35000000000000003,0.8500000000000001,0.005263157894736842,5.0,950.0
576,single_n0,csi,6,0.45,0.05,0.0010905125408942203,1.0,917.0
577,single_n0,csi,6,0.45,0.15000000000000002,0.002072538860103627,2.0,965.0
578,single_n0,csi,6,0.45,0.25,0.004250797024442083,4.0,941.0
579,single_n0,csi,6,0.45,0.35000000000000003,0.0010582010582010583,1.0,945.0
580,single_n0,csi,6,0.45,0.45,0.0033259423503325942,3.0,902.0
581,single_n0,csi,6,0.45,0.55,0.002107481559536354,2.0,949.0
582,single_n0,csi,6,0.45,0.6500000000000001,0.0033333333333333335,3.0,900.0
583,single_n0,csi,6,0.45,0.75,0.0042643923240938165,4.0,938.0
584,single_n0,csi,6,0.45,0.8500000000000001,0.00499001996007984,5.0,1002.0
585,single_n0,csi,6,0.55,0.05,0.0020876826722338203,2.0,958.0
586,single_n0,csi,6,0.55,0.15000000000000002,0.002183406113537118,2.0,916.0
587,single_n0,csi,6,0.55,0.25,0.002244668911335578,2.0,891.0
588,single_n0,csi,6,0.55,0.35000000000000003,0.001081081081081081,1.0,925.0
589,single_n0,csi,6,0.55,0.45,0.006666666666666667,6.0,900.0
590,single_n0,csi,6,0.55,0.55,0.002,2.0,1000.0
591,single_n0,csi,6,0.55,0.6500000000000001,0.0022172949002217295,2.0,902.0
592,single_n0,csi,6,0.55,0.75,0.0,0.0,905.0
593,single_n0,csi,6,0.55,0.8500000000000001,0.006674082313681869,6.0,899.0
594,single_n0,csi,6,0.6500000000000001,0.05,0.0011185682326621924,1.0,894.0
595,single_n0,csi,6,0.6500000000000001,0.15000000000000002,0.0010718113612004287,1.0,933.0
596,single_n0,csi,6,0.6500000000000001,0.25,0.0011135857461024498,1.0,898.0
597,single_n0,csi,6,0.6500000000000001,0.35000000000000003,0.0011123470522803114,1.0,899.0
598,single_n0,csi,6,0.6500000000000001,0.45,0.001076426264800861,1.0,929.0
599,single_n0,csi,6,0.6500000000000001,0.55,0.0,0.0,937.0
600,single_n0,csi,6,0.6500000000000001,0.6500000000000001,0.005555555555555556,5.0,900.0
601,single_n0,csi,6,0.6500000000000001,0.75,0.0010559662090813093,1.0,947.0
602,single_n0,csi,6,0.6500000000000001,0.8500000000000001,0.0,0.0,890.0
603,single_n0,csi,6,0.75,0.05,0.0021413276231263384,2.0,934.0
604,single_n0,csi,6,0.75,0.15000000000000002,0.0010471204188481676,1.0,955.0
605,single_n0,csi,6,0.75,0.25,0.0010775862068965517,1.0,928.0
606,single_n0,csi,6,0.75,0.35000000000000003,0.0031413612565445027,3.0,955.0
607,single_n0,csi,6,0.75,0.45,0.0010683760683760685,1.0,936.0
608,single_n0,csi,6,0.75,0.55,0.003134796238244514,3.0,957.0
609,single_n0,csi,6,0.75,0.6500000000000001,0.001098901098901099,1.0,910.0
610,single_n0,csi,6,0.75,0.75,0.003246753246753247,3.0,924.0
611,single_n0,csi,6,0.75,0.8500000000000001,0.0031779661016949155,3.0,944.0
612,single_n0,csi,6,0.8500000000000001,0.05,0.0021413276231263384,2.0,934.0
613,single_n0,csi,6,0.8500000000000001,0.15000000000000002,0.0010638297872340426,1.0,940.0
614,single_n0,csi,6,0.8500000000000001,0.25,0.004479283314669653,4.0,893.0
615,single_n0,csi,6,0.8500000000000001,0.35000000000000003,0.0031512605042016808,3.0,952.0
616,single_n0,csi,6,0.8500000000000001,0.45,0.0010638297872340426,1.0,940.0
617,single_n0,csi,6,0.8500000000000001,0.55,0.0011135857461024498,1.0,898.0
618,single_n0,csi,6,0.8500000000000001,0.6500000000000001,0.002173913043478261,2.0,920.0
619,single_n0,csi,6,0.8500000000000001,0.75,0.0022624434389140274,2.0,884.0
620,single_n0,csi,6,0.8500000000000001,0.8500000000000001,0.002176278563656148,2.0,919.0
621,single_n0,csi,6,0.95,0.05,0.0010471204188481676,1.0,955.0
622,single_n0,csi,6,0.95,0.15000000000000002,0.002178649237472767,2.0,918.0
623,single_n0,csi,6,0.95,0.25,0.0,0.0,935.0
624,single_n0,csi,6,0.95,0.35000000000000003,0.0,0.0,963.0
625,single_n0,csi,6,0.95,0.45,0.0022197558268590455,2.0,901.0
626,single_n0,csi,6,0.95,0.55,0.0010351966873706005,1.0,966.0
627,single_n0,csi,6,0.95,0.6500000000000001,0.0,0.0,931.0
628,single_n0,csi,6,0.95,0.75,0.0021008403361344537,2.0,952.0
629,single_n0,csi,6,0.95,0.8500000000000001,0.002280501710376283,2.0,877.0
630,single_n0,csi,6,1.05,0.05,0.002157497303128371,2.0,927.0
631,single_n0,csi,6,1.05,0.15000000000000002,0.0021008403361344537,2.0,952.0
632,single_n0,csi,6,1.05,0.25,0.0010649627263045794,1.0,939.0
633,single_n0,csi,6,1.05,0.35000000000000003,0.0022753128555176336,2.0,879.0
634,single_n0,csi,6,1.05,0.45,0.00437636761487965,4.0,914.0
635,single_n0,csi,6,1.05,0.55,0.001081081081081081,1.0,925.0
636,single_n0,csi,6,1.05,0.6500000000000001,0.002190580503833516,2.0,913.0
637,single_n0,csi,6,1.05,0.75,0.002254791431792559,2.0,887.0
638,single_n0,csi,6,1.05,0.8500000000000001,0.002070393374741201,2.0,966.0
639,single_n0,csi,6,1.1500000000000001,0.05,0.0011248593925759281,1.0,889.0
640,single_n0,csi,6,1.1500000000000001,0.15000000000000002,0.0011325028312570782,1.0,883.0
641,single_n0,csi,6,1.1500000000000001,0.25,0.0021436227224008574,2.0,933.0
642,single_n0,csi,6,1.1500000000000001,0.35000000000000003,0.001088139281828074,1.0,919.0
643,single_n0,csi,6,1.1500000000000001,0.45,0.001088139281828074,1.0,919.0
644,single_n0,csi,6,1.1500000000000001,0.55,0.002205071664829107,2.0,907.0
645,single_n0,csi,6,1.1500000000000001,0.6500000000000001,0.0030241935483870967,3.0,992.0
646,single_n0,csi,6,1.1500000000000001,0.75,0.004296455424274973,4.0,931.0
647,single_n0,csi,6,1.1500000000000001,0.8500000000000001,0.002185792349726776,2.0,915.0
648,single_n0,csi,2,0.05,0.05,0.004140786749482402,4.0,966.0
649,single_n0,csi,2,0.05,0.15000000000000002,0.005405405405405406,5.0,925.0
650,single_n0,csi,2,0.05,0.25,0.012141280353200883,11.0,906.0
651,single_n0,csi,2,0.05,0.35000000000000003,0.005376344086021506,5.0,930.0
652,single_n0,csi,2,0.05,0.45,0.012371134020618556,12.0,970.0
653,single_n0,csi,2,0.05,0.55,0.00760043431053203,7.0,921.0
654,single_n0,csi,2,0.05,0.6500000000000001,0.005279831045406547,5.0,947.0
655,single_n0,csi,2,0.05,0.75,0.015151515151515152,15.0,990.0
656,single_n0,csi,2,0.05,0.8500000000000001,0.004338394793926247,4.0,922.0
657,single_n0,csi,2,0.15000000000000002,0.05,0.001095290251916758,1.0,913.0
658,single_n0,csi,2,0.15000000000000002,0.15000000000000002,0.0033482142857142855,3.0,896.0
659,single_n0,csi,2,0.15000000000000002,0.25,0.0,0.0,850.0
660,single_n0,csi,2,0.15000000000000002,0.35000000000000003,0.0,0.0,898.0
661,single_n0,csi,2,0.15000000000000002,0.45,0.00866738894907909,8.0,923.0
662,single_n0,csi,2,0.15000000000000002,0.55,0.0044943820224719105,4.0,890.0
663,single_n0,csi,2,0.15000000000000002,0.6500000000000001,0.0011273957158962795,1.0,887.0
664,single_n0,csi,2,0.15000000000000002,0.75,0.004310344827586207,4.0,928.0
665,single_n0,csi,2,0.15000000000000002,0.8500000000000001,0.0034129692832764505,3.0,879.0
666,single_n0,csi,2,0.25,0.05,0.0021164021164021165,2.0,945.0
667,single_n0,csi,2,0.25,0.15000000000000002,0.0,0.0,950.0
668,single_n0,csi,2,0.25,0.25,0.0010660980810234541,1.0,938.0
669,single_n0,csi,2,0.25,0.35000000000000003,0.001142857142857143,1.0,875.0
670,single_n0,csi,2,0.25,0.45,0.0,0.0,961.0
671,single_n0,csi,2,0.25,0.55,0.0010822510822510823,1.0,924.0
672,single_n0,csi,2,0.25,0.6500000000000001,0.002190580503833516,2.0,913.0
673,single_n0,csi,2,0.25,0.75,0.0010515247108307045,1.0,951.0
674,single_n0,csi,2,0.25,0.8500000000000001,0.0011160714285714285,1.0,896.0
675,single_n0,csi,2,0.35000000000000003,0.05,0.0,0.0,924.0
676,single_n0,csi,2,0.35000000000000003,0.15000000000000002,0.0,0.0,916.0
677,single_n0,csi,2,0.35000000000000003,0.25,0.0021436227224008574,2.0,933.0
678,single_n0,csi,2,0.35000000000000003,0.35000000000000003,0.0011001100110011,1.0,909.0
679,single_n0,csi,2,0.35000000000000003,0.45,0.0010548523206751054,1.0,948.0
680,single_n0,csi,2,0.35000000000000003,0.55,0.001040582726326743,1.0,961.0
681,single_n0,csi,2,0.35000000000000003,0.6500000000000001,0.0010615711252653928,1.0,942.0
682,single_n0,csi,2,0.35000000000000003,0.75,0.0,0.0,930.0
683,single_n0,csi,2,0.35000000000000003,0.8500000000000001,0.002105263157894737,2.0,950.0
684,single_n0,csi,2,0.45,0.05,0.0,0.0,917.0
685,single_n0,csi,2,0.45,0.15000000000000002,0.0,0.0,965.0
686,single_n0,csi,2,0.45,0.25,0.0021253985122210413,2.0,941.0
687,single_n0,csi,2,0.45,0.35000000000000003,0.0,0.0,945.0
688,single_n0,csi,2,0.45,0.45,0.0,0.0,902.0
689,single_n0,csi,2,0.45,0.55,0.003161222339304531,3.0,949.0
690,single_n0,csi,2,0.45,0.6500000000000001,0.0011111111111111111,1.0,900.0
691,single_n0,csi,2,0.45,0.75,0.0021321961620469083,2.0,938.0
692,single_n0,csi,2,0.45,0.8500000000000001,0.0029940119760479044,3.0,1002.0
693,single_n0,csi,2,0.55,0.05,0.0,0.0,958.0
694,single_n0,csi,2,0.55,0.15000000000000002,0.001091703056768559,1.0,916.0
695,single_n0,csi,2,0.55,0.25,0.0,0.0,891.0
696,single_n0,csi,2,0.55,0.35000000000000003,0.0,0.0,925.0
697,single_n0,csi,2,0.55,0.45,0.0022222222222222222,2.0,900.0
698,single_n0,csi,2,0.55,0.55,0.001,1.0,1000.0
699,single_n0,csi,2,0.55,0.6500000000000001,0.0011086474501108647,1.0,902.0
700,single_n0,csi,2,0.55,0.75,0.004419889502762431,4.0,905.0
701,single_n0,csi,2,0.55,0.8500000000000001,0.002224694104560623,2.0,899.0
702,single_n0,csi,2,0.6500000000000001,0.05,0.0022371364653243847,2.0,894.0
703,single_n0,csi,2,0.6500000000000001,0.15000000000000002,0.0,0.0,933.0
704,single_n0,csi,2,0.6500000000000001,0.25,0.0011135857461024498,1.0,898.0
705,single_n0,csi,2,0.6500000000000001,0.35000000000000003,0.0033370411568409346,3.0,899.0
706,single_n0,csi,2,0.6500000000000001,0.45,0.001076426264800861,1.0,929.0
707,single_n0,csi,2,0.6500000000000001,0.55,0.0021344717182497333,2.0,937.0
708,single_n0,csi,2,0.6500000000000001,0.6500000000000001,0.0,0.0,900.0
709,single_n0,csi,2,0.6500000000000001,0.75,0.0010559662090813093,1.0,947.0
710,single_n0,csi,2,0.6500000000000001,0.8500000000000001,0.0022471910112359553,2.0,890.0
711,single_n0,csi,2,0.75,0.05,0.0,0.0,934.0
712,single_n0,csi,2,0.75,0.15000000000000002,0.0010471204188481676,1.0,955.0
713,single_n0,csi,2,0.75,0.25,0.0021551724137931034,2.0,928.0
714,single_n0,csi,2,0.75,0.35000000000000003,0.0,0.0,955.0
715,single_n0,csi,2,0.75,0.45,0.0,0.0,936.0
716,single_n0,csi,2,0.75,0.55,0.0,0.0,957.0
717,single_n0,csi,2,0.75,0.6500000000000001,0.001098901098901099,1.0,910.0
718,single_n0,csi,2,0.75,0.75,0.0,0.0,924.0
719,single_n0,csi,2,0.75,0.8500000000000001,0.00211864406779661,2.0,944.0
720,single_n0,csi,2,0.8500000000000001,0.05,0.0,0.0,934.0
721,single_n0,csi,2,0.8500000000000001,0.15000000000000002,0.0,0.0,940.0
722,single_n0,csi,2,0.8500000000000001,0.25,0.0011198208286674132,1.0,893.0
723,single_n0,csi,2,0.8500000000000001,0.35000000000000003,0.0010504201680672268,1.0,952.0
724,single_n0,csi,2,0.8500000000000001,0.45,0.0010638297872340426,1.0,940.0
725,single_n0,csi,2,0.8500000000000001,0.55,0.0011135857461024498,1.0,898.0
726,single_n0,csi,2,0.8500000000000001,0.6500000000000001,0.0010869565217391304,1.0,920.0
727,single_n0,csi,2,0.8500000000000001,0.75,0.0011312217194570137,1.0,884.0
728,single_n0,csi,2,0.8500000000000001,0.8500000000000001,0.001088139281828074,1.0,919.0
729,single_n0,csi,2,0.95,0.05,0.0,0.0,955.0
730,single_n0,csi,2,0.95,0.15000000000000002,0.0010893246187363835,1.0,918.0
731,single_n0,csi,2,0.95,0.25,0.0,0.0,935.0
732,single_n0,csi,2,0.95,0.35000000000000003,0.0020768431983385254,2.0,963.0
733,single_n0,csi,2,0.95,0.45,0.0,0.0,901.0
734,single_n0,csi,2,0.95,0.55,0.0010351966873706005,1.0,966.0
735,single_n0,csi,2,0.95,0.6500000000000001,0.0010741138560687433,1.0,931.0
736,single_n0,csi,2,0.95,0.75,0.0,0.0,952.0
737,single_n0,csi,2,0.95,0.8500000000000001,0.0011402508551881414,1.0,877.0
738,single_n0,csi,2,1.05,0.05,0.0,0.0,927.0
739,single_n0,csi,2,1.05,0.15000000000000002,0.0,0.0,952.0
740,single_n0,csi,2,1.05,0.25,0.0,0.0,939.0
741,single_n0,csi,2,1.05,0.35000000000000003,0.0011376564277588168,1.0,879.0
742,single_n0,csi,2,1.05,0.45,0.002188183807439825,2.0,914.0
743,single_n0,csi,2,1.05,0.55,0.001081081081081081,1.0,925.0
744,single_n0,csi,2,1.05,0.6500000000000001,0.0,0.0,913.0
745,single_n0,csi,2,1.05,0.75,0.0,0.0,887.0
746,single_n0,csi,2,1.05,0.8500000000000001,0.002070393374741201,2.0,966.0
747,single_n0,csi,2,1.1500000000000001,0.05,0.0,0.0,889.0
748,single_n0,csi,2,1.1500000000000001,0.15000000000000002,0.0011325028312570782,1.0,883.0
749,single_n0,csi,2,1.1500000000000001,0.25,0.0,0.0,933.0
750,single_n0,csi,2,1.1500000000000001,0.35000000000000003,0.0,0.0,919.0
751,single_n0,csi,2,1.1500000000000001,0.45,0.0,0.0,919.0
752,single_n0,csi,2,1.1500000000000001,0.55,0.0011025358324145535,1.0,907.0
753,single_n0,csi,2,1.1500000000000001,0.6500000000000001,0.0,0.0,992.0
754,single_n0,csi,2,1.1500000000000001,0.75,0.0021482277121374865,2.0,931.0
755,single_n0,csi,2,1.1500000000000001,0.8500000000000001,0.0,0.0,915.0
756,single_n0,csi,10,0.05,0.05,0.024844720496894408,24.0,966.0
757,single_n0,csi,10,0.05,0.15000000000000002,0.018378378378378378,17.0,925.0
758,single_n0,csi,10,0.05,0.25,0.029801324503311258,27.0,906.0
759,single_n0,csi,10,0.05,0.35000000000000003,0.02903225806451613,27.0,930.0
760,single_n0,csi,10,0.05,0.45,0.027835051546391754,27.0,970.0
761,single_n0,csi,10,0.05,0.55,0.029315960912052116,27.0,921.0
762,single_n0,csi,10,0.05,0.6500000000000001,0.030623020063357972,29.0,947.0
763,single_n0,csi,10,0.05,0.75,0.03636363636363636,36.0,990.0
764,single_n0,csi,10,0.05,0.8500000000000001,0.0368763557483731,34.0,922.0
765,single_n0,csi,10,0.15000000000000002,0.05,0.008762322015334063,8.0,913.0
766,single_n0,csi,10,0.15000000000000002,0.15000000000000002,0.0078125,7.0,896.0
767,single_n0,csi,10,0.15000000000000002,0.25,0.01411764705882353,12.0,850.0
768,single_n0,csi,10,0.15000000000000002,0.35000000000000003,0.01002227171492205,9.0,898.0
769,single_n0,csi,10,0.15000000000000002,0.45,0.02275189599133261,21.0,923.0
770,single_n0,csi,10,0.15000000000000002,0.55,0.019101123595505618,17.0,890.0
771,single_n0,csi,10,0.15000000000000002,0.6500000000000001,0.007891770011273957,7.0,887.0
772,single_n0,csi,10,0.15000000000000002,0.75,0.016163793103448277,15.0,928.0
773,single_n0,csi,10,0.15000000000000002,0.8500000000000001,0.030716723549488054,27.0,879.0
774,single_n0,csi,10,0.25,0.05,0.007407407407407408,7.0,945.0
775,single_n0,csi,10,0.25,0.15000000000000002,0.00631578947368421,6.0,950.0
776,single_n0,csi,10,0.25,0.25,0.0042643923240938165,4.0,938.0
777,single_n0,csi,10,0.25,0.35000000000000003,0.0034285714285714284,3.0,875.0
778,single_n0,csi,10,0.25,0.45,0.009365244536940686,9.0,961.0
779,single_n0,csi,10,0.25,0.55,0.011904761904761904,11.0,924.0
780,single_n0,csi,10,0.25,0.6500000000000001,0.0032858707557502738,3.0,913.0
781,single_n0,csi,10,0.25,0.75,0.012618296529968454,12.0,951.0
782,single_n0,csi,10,0.25,0.8500000000000001,0.008928571428571428,8.0,896.0
783,single_n0,csi,10,0.35000000000000003,0.05,0.0010822510822510823,1.0,924.0
784,single_n0,csi,10,0.35000000000000003,0.15000000000000002,0.001091703056768559,1.0,916.0
785,single_n0,csi,10,0.35000000000000003,0.25,0.007502679528403001,7.0,933.0
786,single_n0,csi,10,0.35000000000000003,0.35000000000000003,0.0033003300330033004,3.0,909.0
787,single_n0,csi,10,0.35000000000000003,0.45,0.007383966244725738,7.0,948.0
788,single_n0,csi,10,0.35000000000000003,0.55,0.003121748178980229,3.0,961.0
789,single_n0,csi,10,0.35000000000000003,0.6500000000000001,0.0031847133757961785,3.0,942.0
790,single_n0,csi,10,0.35000000000000003,0.75,0.005376344086021506,5.0,930.0
791,single_n0,csi,10,0.35000000000000003,0.8500000000000001,0.005263157894736842,5.0,950.0
792,single_n0,csi,10,0.45,0.05,0.004362050163576881,4.0,917.0
793,single_n0,csi,10,0.45,0.15000000000000002,0.0062176165803108805,6.0,965.0
794,single_n0,csi,10,0.45,0.25,0.0010626992561105207,1.0,941.0
795,single_n0,csi,10,0.45,0.35000000000000003,0.004232804232804233,4.0,945.0
796,single_n0,csi,10,0.45,0.45,0.005543237250554324,5.0,902.0
797,single_n0,csi,10,0.45,0.55,0.004214963119072708,4.0,949.0
798,single_n0,csi,10,0.45,0.6500000000000001,0.0022222222222222222,2.0,900.0
799,single_n0,csi,10,0.45,0.75,0.006396588486140725,6.0,938.0
800,single_n0,csi,10,0.45,0.8500000000000001,0.005988023952095809,6.0,1002.0
801,single_n0,csi,10,0.55,0.05,0.0020876826722338203,2.0,958.0
802,single_n0,csi,10,0.55,0.15000000000000002,0.004366812227074236,4.0,916.0
803,single_n0,csi,10,0.55,0.25,0.003367003367003367,3.0,891.0
804,single_n0,csi,10,0.55,0.35000000000000003,0.003243243243243243,3.0,925.0
805,single_n0,csi,10,0.55,0.45,0.005555555555555556,5.0,900.0
806,single_n0,csi,10,0.55,0.55,0.004,4.0,1000.0
807,single_n0,csi,10,0.55,0.6500000000000001,0.004434589800443459,4.0,902.0
808,single_n0,csi,10,0.55,0.75,0.0022099447513812156,2.0,905.0
809,single_n0,csi,10,0.55,0.8500000000000001,0.00778642936596218,7.0,899.0
810,single_n0,csi,10,0.6500000000000001,0.05,0.005592841163310962,5.0,894.0
811,single_n0,csi,10,0.6500000000000001,0.15000000000000002,0.0021436227224008574,2.0,933.0
812,single_n0,csi,10,0.6500000000000001,0.25,0.0011135857461024498,1.0,898.0
813,single_n0,csi,10,0.6500000000000001,0.35000000000000003,0.0033370411568409346,3.0,899.0
814,single_n0,csi,10,0.6500000000000001,0.45,0.001076426264800861,1.0,929.0
815,single_n0,csi,10,0.6500000000000001,0.55,0.004268943436499467,4.0,937.0
816,single_n0,csi,10,0.6500000000000001,0.6500000000000001,0.0011111111111111111,1.0,900.0
817,single_n0,csi,10,0.6500000000000001,0.75,0.0010559662090813093,1.0,947.0
818,single_n0,csi,10,0.6500000000000001,0.8500000000000001,0.008988764044943821,8.0,890.0
819,single_n0,csi,10,0.75,0.05,0.0021413276231263384,2.0,934.0
820,single_n0,csi,10,0.75,0.15000000000000002,0.0031413612565445027,3.0,955.0
821,single_n0,csi,10,0.75,0.25,0.0010775862068965517,1.0,928.0
822,single_n0,csi,10,0.75,0.35000000000000003,0.004188481675392671,4.0,955.0
823,single_n0,csi,10,0.75,0.45,0.0010683760683760685,1.0,936.0
824,single_n0,csi,10,0.75,0.55,0.0041797283176593526,4.0,957.0
825,single_n0,csi,10,0.75,0.6500000000000001,0.006593406593406593,6.0,910.0
826,single_n0,csi,10,0.75,0.75,0.005411255411255411,5.0,924.0
827,single_n0,csi,10,0.75,0.8500000000000001,0.009533898305084746,9.0,944.0
828,single_n0,csi,10,0.8500000000000001,0.05,0.0021413276231263384,2.0,934.0
829,single_n0,csi,10,0.8500000000000001,0.15000000000000002,0.0010638297872340426,1.0,940.0
830,single_n0,csi,10,0.8500000000000001,0.25,0.0033594624860022394,3.0,893.0
831,single_n0,csi,10,0.8500000000000001,0.35000000000000003,0.0,0.0,952.0
832,single_n0,csi,10,0.8500000000000001,0.45,0.0010638297872340426,1.0,940.0
833,single_n0,csi,10,0.8500000000000001,0.55,0.005567928730512249,5.0,898.0
834,single_n0,csi,10,0.8500000000000001,0.6500000000000001,0.005434782608695652,5.0,920.0
835,single_n0,csi,10,0.8500000000000001,0.75,0.003393665158371041,3.0,884.0
836,single_n0,csi,10,0.8500000000000001,0.8500000000000001,0.00544069640914037,5.0,919.0
837,single_n0,csi,10,0.95,0.05,0.0010471204188481676,1.0,955.0
838,single_n0,csi,10,0.95,0.15000000000000002,0.002178649237472767,2.0,918.0
839,single_n0,csi,10,0.95,0.25,0.0,0.0,935.0
840,single_n0,csi,10,0.95,0.35000000000000003,0.0020768431983385254,2.0,963.0
841,single_n0,csi,10,0.95,0.45,0.0022197558268590455,2.0,901.0
842,single_n0,csi,10,0.95,0.55,0.005175983436853002,5.0,966.0
843,single_n0,csi,10,0.95,0.6500000000000001,0.0010741138560687433,1.0,931.0
844,single_n0,csi,10,0.95,0.75,0.0031512605042016808,3.0,952.0
845,single_n0,csi,10,0.95,0.8500000000000001,0.002280501710376283,2.0,877.0
846,single_n0,csi,10,1.05,0.05,0.004314994606256742,4.0,927.0
847,single_n0,csi,10,1.05,0.15000000000000002,0.004201680672268907,4.0,952.0
848,single_n0,csi,10,1.05,0.25,0.002129925452609159,2.0,939.0
849,single_n0,csi,10,1.05,0.35000000000000003,0.0022753128555176336,2.0,879.0
850,single_n0,csi,10,1.05,0.45,0.0,0.0,914.0
851,single_n0,csi,10,1.05,0.55,0.002162162162162162,2.0,925.0
852,single_n0,csi,10,1.05,0.6500000000000001,0.004381161007667032,4.0,913.0
853,single_n0,csi,10,1.05,0.75,0.0033821871476888386,3.0,887.0
854,single_n0,csi,10,1.05,0.8500000000000001,0.006211180124223602,6.0,966.0
855,single_n0,csi,10,1.1500000000000001,0.05,0.0,0.0,889.0
856,single_n0,csi,10,1.1500000000000001,0.15000000000000002,0.004530011325028313,4.0,883.0
857,single_n0,csi,10,1.1500000000000001,0.25,0.0010718113612004287,1.0,933.0
858,single_n0,csi,10,1.1500000000000001,0.35000000000000003,0.00544069640914037,5.0,919.0
859,single_n0,csi,10,1.1500000000000001,0.45,0.0,0.0,919.0
860,single_n0,csi,10,1.1500000000000001,0.55,0.0011025358324145535,1.0,907.0
861,single_n0,csi,10,1.1500000000000001,0.6500000000000001,0.0030241935483870967,3.0,992.0
862,single_n0,csi,10,1.1500000000000001,0.75,0.004296455424274973,4.0,931.0
863,single_n0,csi,10,1.1500000000000001,0.8500000000000001,0.0,0.0,915.0
864,single_n0,csi,4,0.05,0.05,0.018633540372670808,18.0,966.0
865,single_n0,csi,4,0.05,0.15000000000000002,0.017297297297297298,16.0,925.0
866,single_n0,csi,4,0.05,0.25,0.008830022075055188,8.0,906.0
867,single_n0,csi,4,0.05,0.35000000000000003,0.00967741935483871,9.0,930.0
868,single_n0,csi,4,0.05,0.45,0.010309278350515464,10.0,970.0
869,single_n0,csi,4,0.05,0.55,0.01737242128121607,16.0,921.0
870,single_n0,csi,4,0.05,0.6500000000000001,0.013727560718057022,13.0,947.0
871,single_n0,csi,4,0.05,0.75,0.013131313131313131,13.0,990.0
872,single_n0,csi,4,0.05,0.8500000000000001,0.016268980477223426,15.0,922.0
873,single_n0,csi,4,0.15000000000000002,0.05,0.004381161007667032,4.0,913.0
874,single_n0,csi,4,0.15000000000000002,0.15000000000000002,0.005580357142857143,5.0,896.0
875,single_n0,csi,4,0.15000000000000002,0.25,0.002352941176470588,2.0,850.0
876,single_n0,csi,4,0.15000000000000002,0.35000000000000003,0.0077951002227171495,7.0,898.0
877,single_n0,csi,4,0.15000000000000002,0.45,0.0032502708559046588,3.0,923.0
878,single_n0,csi,4,0.15000000000000002,0.55,0.0033707865168539327,3.0,890.0
879,single_n0,csi,4,0.15000000000000002,0.6500000000000001,0.004509582863585118,4.0,887.0
880,single_n0,csi,4,0.15000000000000002,0.75,0.007543103448275862,7.0,928.0
881,single_n0,csi,4,0.15000000000000002,0.8500000000000001,0.009101251422070534,8.0,879.0
882,single_n0,csi,4,0.25,0.05,0.0031746031746031746,3.0,945.0
883,single_n0,csi,4,0.25,0.15000000000000002,0.002105263157894737,2.0,950.0
884,single_n0,csi,4,0.25,0.25,0.0021321961620469083,2.0,938.0
885,single_n0,csi,4,0.25,0.35000000000000003,0.0,0.0,875.0
886,single_n0,csi,4,0.25,0.45,0.002081165452653486,2.0,961.0
887,single_n0,csi,4,0.25,0.55,0.0010822510822510823,1.0,924.0
888,single_n0,csi,4,0.25,0.6500000000000001,0.0065717415115005475,6.0,913.0
889,single_n0,csi,4,0.25,0.75,0.006309148264984227,6.0,951.0
890,single_n0,csi,4,0.25,0.8500000000000001,0.005580357142857143,5.0,896.0
891,single_n0,csi,4,0.35000000000000003,0.05,0.0010822510822510823,1.0,924.0
892,single_n0,csi,4,0.35000000000000003,0.15000000000000002,0.0032751091703056767,3.0,916.0
893,single_n0,csi,4,0.35000000000000003,0.25,0.0021436227224008574,2.0,933.0
894,single_n0,csi,4,0.35000000000000003,0.35000000000000003,0.0,0.0,909.0
895,single_n0,csi,4,0.35000000000000003,0.45,0.0010548523206751054,1.0,948.0
896,single_n0,csi,4,0.35000000000000003,0.55,0.001040582726326743,1.0,961.0
897,single_n0,csi,4,0.35000000000000003,0.6500000000000001,0.0,0.0,942.0
898,single_n0,csi,4,0.35000000000000003,0.75,0.0032258064516129032,3.0,930.0
899,single_n0,csi,4,0.35000000000000003,0.8500000000000001,0.005263157894736842,5.0,950.0
900,single_n0,csi,4,0.45,0.05,0.004362050163576881,4.0,917.0
901,single_n0,csi,4,0.45,0.15000000000000002,0.0031088082901554403,3.0,965.0
902,single_n0,csi,4,0.45,0.25,0.003188097768331562,3.0,941.0
903,single_n0,csi,4,0.45,0.35000000000000003,0.0,0.0,945.0
904,single_n0,csi,4,0.45,0.45,0.0,0.0,902.0
905,single_n0,csi,4,0.45,0.55,0.001053740779768177,1.0,949.0
906,single_n0,csi,4,0.45,0.6500000000000001,0.0044444444444444444,4.0,900.0
907,single_n0,csi,4,0.45,0.75,0.0021321961620469083,2.0,938.0
908,single_n0,csi,4,0.45,0.8500000000000001,0.0029940119760479044,3.0,1002.0
909,single_n0,csi,4,0.55,0.05,0.0010438413361169101,1.0,958.0
910,single_n0,csi,4,0.55,0.15000000000000002,0.001091703056768559,1.0,916.0
911,single_n0,csi,4,0.55,0.25,0.003367003367003367,3.0,891.0
912,single_n0,csi,4,0.55,0.35000000000000003,0.002162162162162162,2.0,925.0
913,single_n0,csi,4,0.55,0.45,0.0022222222222222222,2.0,900.0
914,single_n0,csi,4,0.55,0.55,0.001,1.0,1000.0
915,single_n0,csi,4,0.55,0.6500000000000001,0.005543237250554324,5.0,902.0
916,single_n0,csi,4,0.55,0.75,0.0,0.0,905.0
917,single_n0,csi,4,0.55,0.8500000000000001,0.002224694104560623,2.0,899.0
918,single_n0,csi,4,0.6500000000000001,0.05,0.0,0.0,894.0
919,single_n0,csi,4,0.6500000000000001,0.15000000000000002,0.0010718113612004287,1.0,933.0
920,single_n0,csi,4,0.6500000000000001,0.25,0.0011135857461024498,1.0,898.0
921,single_n0,csi,4,0.6500000000000001,0.35000000000000003,0.0,0.0,899.0
922,single_n0,csi,4,0.6500000000000001,0.45,0.0032292787944025836,3.0,929.0
923,single_n0,csi,4,0.6500000000000001,0.55,0.0021344717182497333,2.0,937.0
924,single_n0,csi,4,0.6500000000000001,0.6500000000000001,0.0,0.0,900.0
925,single_n0,csi,4,0.6500000000000001,0.75,0.0021119324181626186,2.0,947.0
926,single_n0,csi,4,0.6500000000000001,0.8500000000000001,0.0044943820224719105,4.0,890.0
927,single_n0,csi,4,0.75,0.05,0.0,0.0,934.0
928,single_n0,csi,4,0.75,0.15000000000000002,0.0010471204188481676,1.0,955.0
929,single_n0,csi,4,0.75,0.25,0.0021551724137931034,2.0,928.0
930,single_n0,csi,4,0.75,0.35000000000000003,0.0031413612565445027,3.0,955.0
931,single_n0,csi,4,0.75,0.45,0.0010683760683760685,1.0,936.0
932,single_n0,csi,4,0.75,0.55,0.0,0.0,957.0
933,single_n0,csi,4,0.75,0.6500000000000001,0.001098901098901099,1.0,910.0
934,single_n0,csi,4,0.75,0.75,0.0021645021645021645,2.0,924.0
935,single_n0,csi,4,0.75,0.8500000000000001,0.00211864406779661,2.0,944.0
936,single_n0,csi,4,0.8500000000000001,0.05,0.0032119914346895075,3.0,934.0
937,single_n0,csi,4,0.8500000000000001,0.15000000000000002,0.0010638297872340426,1.0,940.0
938,single_n0,csi,4,0.8500000000000001,0.25,0.0,0.0,893.0
939,single_n0,csi,4,0.8500000000000001,0.35000000000000003,0.0,0.0,952.0
940,single_n0,csi,4,0.8500000000000001,0.45,0.0,0.0,940.0
941,single_n0,csi,4,0.8500000000000001,0.55,0.0066815144766146995,6.0,898.0
942,single_n0,csi,4,0.8500000000000001,0.6500000000000001,0.0010869565217391304,1.0,920.0
943,single_n0,csi,4,0.8500000000000001,0.75,0.0011312217194570137,1.0,884.0
944,single_n0,csi,4,0.8500000000000001,0.8500000000000001,0.003264417845484222,3.0,919.0
945,single_n0,csi,4,0.95,0.05,0.0010471204188481676,1.0,955.0
946,single_n0,csi,4,0.95,0.15000000000000002,0.002178649237472767,2.0,918.0
947,single_n0,csi,4,0.95,0.25,0.0010695187165775401,1.0,935.0
948,single_n0,csi,4,0.95,0.35000000000000003,0.0,0.0,963.0
949,single_n0,csi,4,0.95,0.45,0.0011098779134295228,1.0,901.0
950,single_n0,csi,4,0.95,0.55,0.0010351966873706005,1.0,966.0
951,single_n0,csi,4,0.95,0.6500000000000001,0.0010741138560687433,1.0,931.0
952,single_n0,csi,4,0.95,0.75,0.0010504201680672268,1.0,952.0
953,single_n0,csi,4,0.95,0.8500000000000001,0.002280501710376283,2.0,877.0
954,single_n0,csi,4,1.05,0.05,0.0010787486515641855,1.0,927.0
955,single_n0,csi,4,1.05,0.15000000000000002,0.0,0.0,952.0
956,single_n0,csi,4,1.05,0.25,0.002129925452609159,2.0,939.0
957,single_n0,csi,4,1.05,0.35000000000000003,0.0011376564277588168,1.0,879.0
958,single_n0,csi,4,1.05,0.45,0.0,0.0,914.0
959,single_n0,csi,4,1.05,0.55,0.001081081081081081,1.0,925.0
960,single_n0,csi,4,1.05,0.6500000000000001,0.001095290251916758,1.0,913.0
961,single_n0,csi,4,1.05,0.75,0.0011273957158962795,1.0,887.0
962,single_n0,csi,4,1.05,0.8500000000000001,0.002070393374741201,2.0,966.0
963,single_n0,csi,4,1.1500000000000001,0.05,0.0011248593925759281,1.0,889.0
964,single_n0,csi,4,1.1500000000000001,0.15000000000000002,0.0033975084937712344,3.0,883.0
965,single_n0,csi,4,1.1500000000000001,0.25,0.0021436227224008574,2.0,933.0
966,single_n0,csi,4,1.1500000000000001,0.35000000000000003,0.002176278563656148,2.0,919.0
967,single_n0,csi,4,1.1500000000000001,0.45,0.0,0.0,919.0
968,single_n0,csi,4,1.1500000000000001,0.55,0.0,0.0,907.0
969,single_n0,csi,4,1.1500000000000001,0.6500000000000001,0.0,0.0,992.0
970,single_n0,csi,4,1.1500000000000001,0.75,0.0010741138560687433,1.0,931.0
971,single_n0,csi,4,1.1500000000000001,0.8500000000000001,0.006557377049180328,6.0,915.0
972,single_n0,lh,0,0.05,0.05,0.0010351966873706005,1.0,966.0
973,single_n0,lh,0,0.05,0.15000000000000002,0.0,0.0,925.0
974,single_n0,lh,0,0.05,0.25,0.0011037527593818985,1.0,906.0
975,single_n0,lh,0,0.05,0.35000000000000003,0.002150537634408602,2.0,930.0
976,single_n0,lh,0,0.05,0.45,0.002061855670103093,2.0,970.0
977,single_n0,lh,0,0.05,0.55,0.0,0.0,921.0
978,single_n0,lh,0,0.05,0.6500000000000001,0.0010559662090813093,1.0,947.0
979,single_n0,lh,0,0.05,0.75,0.00202020202020202,2.0,990.0
980,single_n0,lh,0,0.05,0.8500000000000001,0.0010845986984815619,1.0,922.0
981,single_n0,lh,0,0.15000000000000002,0.05,0.0,0.0,913.0
982,single_n0,lh,0,0.15000000000000002,0.15000000000000002,0.0011160714285714285,1.0,896.0
983,single_n0,lh,0,0.15000000000000002,0.25,0.002352941176470588,2.0,850.0
984,single_n0,lh,0,0.15000000000000002,0.35000000000000003,0.0,0.0,898.0
985,single_n0,lh,0,0.15000000000000002,0.45,0.0010834236186348862,1.0,923.0
986,single_n0,lh,0,0.15000000000000002,0.55,0.0,0.0,890.0
987,single_n0,lh,0,0.15000000000000002,0.6500000000000001,0.0,0.0,887.0
988,single_n0,lh,0,0.15000000000000002,0.75,0.0,0.0,928.0
989,single_n0,lh,0,0.15000000000000002,0.8500000000000001,0.0,0.0,879.0
990,single_n0,lh,0,0.25,0.05,0.0,0.0,945.0
991,single_n0,lh,0,0.25,0.15000000000000002,0.0,0.0,950.0
992,single_n0,lh,0,0.25,0.25,0.0,0.0,938.0
993,single_n0,lh,0,0.25,0.35000000000000003,0.0,0.0,875.0
994,single_n0,lh,0,0.25,0.45,0.0,0.0,961.0
995,single_n0,lh,0,0.25,0.55,0.0,0.0,924.0
996,single_n0,lh,0,0.25,0.6500000000000001,0.0,0.0,913.0
997,single_n0,lh,0,0.25,0.75,0.0,0.0,951.0
998,single_n0,lh,0,0.25,0.8500000000000001,0.0,0.0,896.0
999,single_n0,lh,0,0.35000000000000003,0.05,0.0,0.0,924.0
1000,single_n0,lh,0,0.35000000000000003,0.15000000000000002,0.0,0.0,916.0
1001,single_n0,lh,0,0.35000000000000003,0.25,0.0010718113612004287,1.0,933.0
1002,single_n0,lh,0,0.35000000000000003,0.35000000000000003,0.0,0.0,909.0
1003,single_n0,lh,0,0.35000000000000003,0.45,0.0010548523206751054,1.0,948.0
1004,single_n0,lh,0,0.35000000000000003,0.55,0.0,0.0,961.0
1005,single_n0,lh,0,0.35000000000000003,0.6500000000000001,0.0,0.0,942.0
1006,single_n0,lh,0,0.35000000000000003,0.75,0.001075268817204301,1.0,930.0
1007,single_n0,lh,0,0.35000000000000003,0.8500000000000001,0.0010526315789473684,1.0,950.0
1008,single_n0,lh,0,0.45,0.05,0.0,0.0,917.0
1009,single_n0,lh,0,0.45,0.15000000000000002,0.0,0.0,965.0
1010,single_n0,lh,0,0.45,0.25,0.0,0.0,941.0
1011,single_n0,lh,0,0.45,0.35000000000000003,0.0,0.0,945.0
1012,single_n0,lh,0,0.45,0.45,0.0,0.0,902.0
1013,single_n0,lh,0,0.45,0.55,0.0,0.0,949.0
1014,single_n0,lh,0,0.45,0.6500000000000001,0.0,0.0,900.0
1015,single_n0,lh,0,0.45,0.75,0.0,0.0,938.0
1016,single_n0,lh,0,0.45,0.8500000000000001,0.0,0.0,1002.0
1017,single_n0,lh,0,0.55,0.05,0.0,0.0,958.0
1018,single_n0,lh,0,0.55,0.15000000000000002,0.0,0.0,916.0
1019,single_n0,lh,0,0.55,0.25,0.0,0.0,891.0
1020,single_n0,lh,0,0.55,0.35000000000000003,0.0,0.0,925.0
1021,single_n0,lh,0,0.55,0.45,0.0,0.0,900.0
1022,single_n0,lh,0,0.55,0.55,0.001,1.0,1000.0
1023,single_n0,lh,0,0.55,0.6500000000000001,0.0,0.0,902.0
1024,single_n0,lh,0,0.55,0.75,0.0,0.0,905.0
1025,single_n0,lh,0,0.55,0.8500000000000001,0.0,0.0,899.0
1026,single_n0,lh,0,0.6500000000000001,0.05,0.0,0.0,894.0
1027,single_n0,lh,0,0.6500000000000001,0.15000000000000002,0.0,0.0,933.0
1028,single_n0,lh,0,0.6500000000000001,0.25,0.0,0.0,898.0
1029,single_n0,lh,0,0.6500000000000001,0.35000000000000003,0.002224694104560623,2.0,899.0
1030,single_n0,lh,0,0.6500000000000001,0.45,0.0,0.0,929.0
1031,single_n0,lh,0,0.6500000000000001,0.55,0.0,0.0,937.0
1032,single_n0,lh,0,0.6500000000000001,0.6500000000000001,0.0,0.0,900.0
1033,single_n0,lh,0,0.6500000000000001,0.75,0.0010559662090813093,1.0,947.0
1034,single_n0,lh,0,0.6500000000000001,0.8500000000000001,0.0,0.0,890.0
1035,single_n0,lh,0,0.75,0.05,0.0,0.0,934.0
1036,single_n0,lh,0,0.75,0.15000000000000002,0.0,0.0,955.0
1037,single_n0,lh,0,0.75,0.25,0.0,0.0,928.0
1038,single_n0,lh,0,0.75,0.35000000000000003,0.0,0.0,955.0
1039,single_n0,lh,0,0.75,0.45,0.0,0.0,936.0
1040,single_n0,lh,0,0.75,0.55,0.0,0.0,957.0
1041,single_n0,lh,0,0.75,0.6500000000000001,0.0,0.0,910.0
1042,single_n0,lh,0,0.75,0.75,0.0,0.0,924.0
1043,single_n0,lh,0,0.75,0.8500000000000001,0.0,0.0,944.0
1044,single_n0,lh,0,0.8500000000000001,0.05,0.0,0.0,934.0
1045,single_n0,lh,0,0.8500000000000001,0.15000000000000002,0.0010638297872340426,1.0,940.0
1046,single_n0,lh,0,0.8500000000000001,0.25,0.0,0.0,893.0
1047,single_n0,lh,0,0.8500000000000001,0.35000000000000003,0.0,0.0,952.0
1048,single_n0,lh,0,0.8500000000000001,0.45,0.0,0.0,940.0
1049,single_n0,lh,0,0.8500000000000001,0.55,0.0,0.0,898.0
1050,single_n0,lh,0,0.8500000000000001,0.6500000000000001,0.0,0.0,920.0
1051,single_n0,lh,0,0.8500000000000001,0.75,0.0,0.0,884.0
1052,single_n0,lh,0,0.8500000000000001,0.8500000000000001,0.0,0.0,919.0
1053,single_n0,lh,0,0.95,0.05,0.0,0.0,955.0
1054,single_n0,lh,0,0.95,0.15000000000000002,0.0,0.0,918.0
1055,single_n0,lh,0,0.95,0.25,0.0,0.0,935.0
1056,single_n0,lh,0,0.95,0.35000000000000003,0.0,0.0,963.0
1057,single_n0,lh,0,0.95,0.45,0.0,0.0,901.0
1058,single_n0,lh,0,0.95,0.55,0.0,0.0,966.0
1059,single_n0,lh,0,0.95,0.6500000000000001,0.0,0.0,931.0
1060,single_n0,lh,0,0.95,0.75,0.0,0.0,952.0
1061,single_n0,lh,0,0.95,0.8500000000000001,0.0,0.0,877.0
1062,single_n0,lh,0,1.05,0.05,0.0,0.0,927.0
1063,single_n0,lh,0,1.05,0.15000000000000002,0.0,0.0,952.0
1064,single_n0,lh,0,1.05,0.25,0.0,0.0,939.0
1065,single_n0,lh,0,1.05,0.35000000000000003,0.0,0.0,879.0
1066,single_n0,lh,0,1.05,0.45,0.0,0.0,914.0
1067,single_n0,lh,0,1.05,0.55,0.0,0.0,925.0
1068,single_n0,lh,0,1.05,0.6500000000000001,0.0,0.0,913.0
1069,single_n0,lh,0,1.05,0.75,0.0011273957158962795,1.0,887.0
1070,single_n0,lh,0,1.05,0.8500000000000001,0.0,0.0,966.0
1071,single_n0,lh,0,1.1500000000000001,0.05,0.0,0.0,889.0
1072,single_n0,lh,0,1.1500000000000001,0.15000000000000002,0.0,0.0,883.0
1073,single_n0,lh,0,1.1500000000000001,0.25,0.0,0.0,933.0
1074,single_n0,lh,0,1.1500000000000001,0.35000000000000003,0.0,0.0,919.0
1075,single_n0,lh,0,1.1500000000000001,0.45,0.001088139281828074,1.0,919.0
1076,single_n0,lh,0,1.1500000000000001,0.55,0.0,0.0,907.0
1077,single_n0,lh,0,1.1500000000000001,0.6500000000000001,0.0,0.0,992.0
1078,single_n0,lh,0,1.1500000000000001,0.75,0.0,0.0,931.0
1079,single_n0,lh,0,1.1500000000000001,0.8500000000000001,0.001092896174863388,1.0,915.0
1080,single_n0,lh,20,0.05,0.05,0.07556935817805382,73.0,966.0
1081,single_n0,lh,20,0.05,0.15000000000000002,0.09081081081081081,84.0,925.0
1082,single_n0,lh,20,0.05,0.25,0.08278145695364239,75.0,906.0
1083,single_n0,lh,20,0.05,0.35000000000000003,0.10215053763440861,95.0,930.0
1084,single_n0,lh,20,0.05,0.45,0.12061855670103093,117.0,970.0
1085,single_n0,lh,20,0.05,0.55,0.10640608034744843,98.0,921.0
1086,single_n0,lh,20,0.05,0.6500000000000001,0.10982048574445617,104.0,947.0
1087,single_n0,lh,20,0.05,0.75,0.13232323232323231,131.0,990.0
1088,single_n0,lh,20,0.05,0.8500000000000001,0.15184381778741865,140.0,922.0
1089,single_n0,lh,20,0.15000000000000002,0.05,0.038335158817086525,35.0,913.0
1090,single_n0,lh,20,0.15000000000000002,0.15000000000000002,0.044642857142857144,40.0,896.0
1091,single_n0,lh,20,0.15000000000000002,0.25,0.03882352941176471,33.0,850.0
1092,single_n0,lh,20,0.15000000000000002,0.35000000000000003,0.03897550111358575,35.0,898.0
1093,single_n0,lh,20,0.15000000000000002,0.45,0.03466955579631636,32.0,923.0
1094,single_n0,lh,20,0.15000000000000002,0.55,0.04719101123595506,42.0,890.0
1095,single_n0,lh,20,0.15000000000000002,0.6500000000000001,0.05636978579481398,50.0,887.0
1096,single_n0,lh,20,0.15000000000000002,0.75,0.07435344827586207,69.0,928.0
1097,single_n0,lh,20,0.15000000000000002,0.8500000000000001,0.06939704209328783,61.0,879.0
1098,single_n0,lh,20,0.25,0.05,0.02433862433862434,23.0,945.0
1099,single_n0,lh,20,0.25,0.15000000000000002,0.022105263157894735,21.0,950.0
1100,single_n0,lh,20,0.25,0.25,0.026652452025586353,25.0,938.0
1101,single_n0,lh,20,0.25,0.35000000000000003,0.027428571428571427,24.0,875.0
1102,single_n0,lh,20,0.25,0.45,0.021852237252861603,21.0,961.0
1103,single_n0,lh,20,0.25,0.55,0.01948051948051948,18.0,924.0
1104,single_n0,lh,20,0.25,0.6500000000000001,0.025191675794085433,23.0,913.0
1105,single_n0,lh,20,0.25,0.75,0.03259726603575184,31.0,951.0
1106,single_n0,lh,20,0.25,0.8500000000000001,0.04017857142857143,36.0,896.0
1107,single_n0,lh,20,0.35000000000000003,0.05,0.01948051948051948,18.0,924.0
1108,single_n0,lh,20,0.35000000000000003,0.15000000000000002,0.021834061135371178,20.0,916.0
1109,single_n0,lh,20,0.35000000000000003,0.25,0.00964630225080386,9.0,933.0
1110,single_n0,lh,20,0.35000000000000003,0.35000000000000003,0.0176017601760176,16.0,909.0
1111,single_n0,lh,20,0.35000000000000003,0.45,0.015822784810126583,15.0,948.0
1112,single_n0,lh,20,0.35000000000000003,0.55,0.014568158168574402,14.0,961.0
1113,single_n0,lh,20,0.35000000000000003,0.6500000000000001,0.021231422505307854,20.0,942.0
1114,single_n0,lh,20,0.35000000000000003,0.75,0.026881720430107527,25.0,930.0
1115,single_n0,lh,20,0.35000000000000003,0.8500000000000001,0.02631578947368421,25.0,950.0
1116,single_n0,lh,20,0.45,0.05,0.008724100327153763,8.0,917.0
1117,single_n0,lh,20,0.45,0.15000000000000002,0.013471502590673576,13.0,965.0
1118,single_n0,lh,20,0.45,0.25,0.015940488841657812,15.0,941.0
1119,single_n0,lh,20,0.45,0.35000000000000003,0.010582010582010581,10.0,945.0
1120,single_n0,lh,20,0.45,0.45,0.01662971175166297,15.0,902.0
1121,single_n0,lh,20,0.45,0.55,0.01791359325605901,17.0,949.0
1122,single_n0,lh,20,0.45,0.6500000000000001,0.014444444444444444,13.0,900.0
1123,single_n0,lh,20,0.45,0.75,0.02771855010660981,26.0,938.0
1124,single_n0,lh,20,0.45,0.8500000000000001,0.03792415169660679,38.0,1002.0
1125,single_n0,lh,20,0.55,0.05,0.015657620041753653,15.0,958.0
1126,single_n0,lh,20,0.55,0.15000000000000002,0.010917030567685589,10.0,916.0
1127,single_n0,lh,20,0.55,0.25,0.017957351290684626,16.0,891.0
1128,single_n0,lh,20,0.55,0.35000000000000003,0.012972972972972972,12.0,925.0
1129,single_n0,lh,20,0.55,0.45,0.013333333333333334,12.0,900.0
1130,single_n0,lh,20,0.55,0.55,0.016,16.0,1000.0
1131,single_n0,lh,20,0.55,0.6500000000000001,0.014412416851441241,13.0,902.0
1132,single_n0,lh,20,0.55,0.75,0.01878453038674033,17.0,905.0
1133,single_n0,lh,20,0.55,0.8500000000000001,0.030033370411568408,27.0,899.0
1134,single_n0,lh,20,0.6500000000000001,0.05,0.006711409395973154,6.0,894.0
1135,single_n0,lh,20,0.6500000000000001,0.15000000000000002,0.00964630225080386,9.0,933.0
1136,single_n0,lh,20,0.6500000000000001,0.25,0.011135857461024499,10.0,898.0
1137,single_n0,lh,20,0.6500000000000001,0.35000000000000003,0.004449388209121246,4.0,899.0
1138,single_n0,lh,20,0.6500000000000001,0.45,0.0193756727664155,18.0,929.0
1139,single_n0,lh,20,0.6500000000000001,0.55,0.010672358591248666,10.0,937.0
1140,single_n0,lh,20,0.6500000000000001,0.6500000000000001,0.008888888888888889,8.0,900.0
1141,single_n0,lh,20,0.6500000000000001,0.75,0.022175290390707498,21.0,947.0
1142,single_n0,lh,20,0.6500000000000001,0.8500000000000001,0.017977528089887642,16.0,890.0
1143,single_n0,lh,20,0.75,0.05,0.013918629550321198,13.0,934.0
1144,single_n0,lh,20,0.75,0.15000000000000002,0.010471204188481676,10.0,955.0
1145,single_n0,lh,20,0.75,0.25,0.009698275862068966,9.0,928.0
1146,single_n0,lh,20,0.75,0.35000000000000003,0.0062827225130890054,6.0,955.0
1147,single_n0,lh,20,0.75,0.45,0.009615384615384616,9.0,936.0
1148,single_n0,lh,20,0.75,0.55,0.01567398119122257,15.0,957.0
1149,single_n0,lh,20,0.75,0.6500000000000001,0.00989010989010989,9.0,910.0
1150,single_n0,lh,20,0.75,0.75,0.010822510822510822,10.0,924.0
1151,single_n0,lh,20,0.75,0.8500000000000001,0.01694915254237288,16.0,944.0
1152,single_n0,lh,20,0.8500000000000001,0.05,0.01284796573875803,12.0,934.0
1153,single_n0,lh,20,0.8500000000000001,0.15000000000000002,0.013829787234042552,13.0,940.0
1154,single_n0,lh,20,0.8500000000000001,0.25,0.014557670772676373,13.0,893.0
1155,single_n0,lh,20,0.8500000000000001,0.35000000000000003,0.01680672268907563,16.0,952.0
1156,single_n0,lh,20,0.8500000000000001,0.45,0.010638297872340425,10.0,940.0
1157,single_n0,lh,20,0.8500000000000001,0.55,0.012249443207126948,11.0,898.0
1158,single_n0,lh,20,0.8500000000000001,0.6500000000000001,0.009782608695652175,9.0,920.0
1159,single_n0,lh,20,0.8500000000000001,0.75,0.007918552036199095,7.0,884.0
1160,single_n0,lh,20,0.8500000000000001,0.8500000000000001,0.02176278563656148,20.0,919.0
1161,single_n0,lh,20,0.95,0.05,0.007329842931937173,7.0,955.0
1162,single_n0,lh,20,0.95,0.15000000000000002,0.0054466230936819175,5.0,918.0
1163,single_n0,lh,20,0.95,0.25,0.0074866310160427805,7.0,935.0
1164,single_n0,lh,20,0.95,0.35000000000000003,0.014537902388369679,14.0,963.0
1165,single_n0,lh,20,0.95,0.45,0.004439511653718091,4.0,901.0
1166,single_n0,lh,20,0.95,0.55,0.007246376811594203,7.0,966.0
1167,single_n0,lh,20,0.95,0.6500000000000001,0.015037593984962405,14.0,931.0
1168,single_n0,lh,20,0.95,0.75,0.011554621848739496,11.0,952.0
1169,single_n0,lh,20,0.95,0.8500000000000001,0.014823261117445839,13.0,877.0
1170,single_n0,lh,20,1.05,0.05,0.007551240560949299,7.0,927.0
1171,single_n0,lh,20,1.05,0.15000000000000002,0.009453781512605041,9.0,952.0
1172,single_n0,lh,20,1.05,0.25,0.010649627263045794,10.0,939.0
1173,single_n0,lh,20,1.05,0.35000000000000003,0.013651877133105802,12.0,879.0
1174,single_n0,lh,20,1.05,0.45,0.00437636761487965,4.0,914.0
1175,single_n0,lh,20,1.05,0.55,0.011891891891891892,11.0,925.0
1176,single_n0,lh,20,1.05,0.6500000000000001,0.01095290251916758,10.0,913.0
1177,single_n0,lh,20,1.05,0.75,0.014656144306651634,13.0,887.0
1178,single_n0,lh,20,1.05,0.8500000000000001,0.020703933747412008,20.0,966.0
1179,single_n0,lh,20,1.1500000000000001,0.05,0.008998875140607425,8.0,889.0
1180,single_n0,lh,20,1.1500000000000001,0.15000000000000002,0.007927519818799546,7.0,883.0
1181,single_n0,lh,20,1.1500000000000001,0.25,0.012861736334405145,12.0,933.0
1182,single_n0,lh,20,1.1500000000000001,0.35000000000000003,0.007616974972796518,7.0,919.0
1183,single_n0,lh,20,1.1500000000000001,0.45,0.015233949945593036,14.0,919.0
1184,single_n0,lh,20,1.1500000000000001,0.55,0.013230429988974642,12.0,907.0
1185,single_n0,lh,20,1.1500000000000001,0.6500000000000001,0.018145161290322582,18.0,992.0
1186,single_n0,lh,20,1.1500000000000001,0.75,0.011815252416756176,11.0,931.0
1187,single_n0,lh,20,1.1500000000000001,0.8500000000000001,0.020765027322404372,19.0,915.0
1188,single_n0,lh,10,0.05,0.05,0.049689440993788817,48.0,966.0
1189,single_n0,lh,10,0.05,0.15000000000000002,0.05081081081081081,47.0,925.0
1190,single_n0,lh,10,0.05,0.25,0.04304635761589404,39.0,906.0
1191,single_n0,lh,10,0.05,0.35000000000000003,0.053763440860215055,50.0,930.0
1192,single_n0,lh,10,0.05,0.45,0.05567010309278351,54.0,970.0
1193,single_n0,lh,10,0.05,0.55,0.06188925081433225,57.0,921.0
1194,single_n0,lh,10,0.05,0.6500000000000001,0.050686378035902854,48.0,947.0
1195,single_n0,lh,10,0.05,0.75,0.07777777777777778,77.0,990.0
1196,single_n0,lh,10,0.05,0.8500000000000001,0.08568329718004339,79.0,922.0
1197,single_n0,lh,10,0.15000000000000002,0.05,0.014238773274917854,13.0,913.0
1198,single_n0,lh,10,0.15000000000000002,0.15000000000000002,0.027901785714285716,25.0,896.0
1199,single_n0,lh,10,0.15000000000000002,0.25,0.027058823529411764,23.0,850.0
1200,single_n0,lh,10,0.15000000000000002,0.35000000000000003,0.024498886414253896,22.0,898.0
1201,single_n0,lh,10,0.15000000000000002,0.45,0.02925243770314193,27.0,923.0
1202,single_n0,lh,10,0.15000000000000002,0.55,0.028089887640449437,25.0,890.0
1203,single_n0,lh,10,0.15000000000000002,0.6500000000000001,0.02593010146561443,23.0,887.0
1204,single_n0,lh,10,0.15000000000000002,0.75,0.02586206896551724,24.0,928.0
1205,single_n0,lh,10,0.15000000000000002,0.8500000000000001,0.048919226393629126,43.0,879.0
1206,single_n0,lh,10,0.25,0.05,0.008465608465608466,8.0,945.0
1207,single_n0,lh,10,0.25,0.15000000000000002,0.008421052631578947,8.0,950.0
1208,single_n0,lh,10,0.25,0.25,0.01812366737739872,17.0,938.0
1209,single_n0,lh,10,0.25,0.35000000000000003,0.009142857142857144,8.0,875.0
1210,single_n0,lh,10,0.25,0.45,0.01040582726326743,10.0,961.0
1211,single_n0,lh,10,0.25,0.55,0.011904761904761904,11.0,924.0
1212,single_n0,lh,10,0.25,0.6500000000000001,0.01533406352683461,14.0,913.0
1213,single_n0,lh,10,0.25,0.75,0.015772870662460567,15.0,951.0
1214,single_n0,lh,10,0.25,0.8500000000000001,0.014508928571428572,13.0,896.0
1215,single_n0,lh,10,0.35000000000000003,0.05,0.006493506493506494,6.0,924.0
1216,single_n0,lh,10,0.35000000000000003,0.15000000000000002,0.010917030567685589,10.0,916.0
1217,single_n0,lh,10,0.35000000000000003,0.25,0.010718113612004287,10.0,933.0
1218,single_n0,lh,10,0.35000000000000003,0.35000000000000003,0.009900990099009901,9.0,909.0
1219,single_n0,lh,10,0.35000000000000003,0.45,0.006329113924050633,6.0,948.0
1220,single_n0,lh,10,0.35000000000000003,0.55,0.01040582726326743,10.0,961.0
1221,single_n0,lh,10,0.35000000000000003,0.6500000000000001,0.01167728237791932,11.0,942.0
1222,single_n0,lh,10,0.35000000000000003,0.75,0.010752688172043012,10.0,930.0
1223,single_n0,lh,10,0.35000000000000003,0.8500000000000001,0.018947368421052633,18.0,950.0
1224,single_n0,lh,10,0.45,0.05,0.006543075245365322,6.0,917.0
1225,single_n0,lh,10,0.45,0.15000000000000002,0.0062176165803108805,6.0,965.0
1226,single_n0,lh,10,0.45,0.25,0.009564293304994687,9.0,941.0
1227,single_n0,lh,10,0.45,0.35000000000000003,0.01164021164021164,11.0,945.0
1228,single_n0,lh,10,0.45,0.45,0.0066518847006651885,6.0,902.0
1229,single_n0,lh,10,0.45,0.55,0.009483667017913594,9.0,949.0
1230,single_n0,lh,10,0.45,0.6500000000000001,0.012222222222222223,11.0,900.0
1231,single_n0,lh,10,0.45,0.75,0.010660980810234541,10.0,938.0
1232,single_n0,lh,10,0.45,0.8500000000000001,0.010978043912175649,11.0,1002.0
1233,single_n0,lh,10,0.55,0.05,0.005219206680584551,5.0,958.0
1234,single_n0,lh,10,0.55,0.15000000000000002,0.007641921397379912,7.0,916.0
1235,single_n0,lh,10,0.55,0.25,0.007856341189674524,7.0,891.0
1236,single_n0,lh,10,0.55,0.35000000000000003,0.010810810810810811,10.0,925.0
1237,single_n0,lh,10,0.55,0.45,0.006666666666666667,6.0,900.0
1238,single_n0,lh,10,0.55,0.55,0.008,8.0,1000.0
1239,single_n0,lh,10,0.55,0.6500000000000001,0.005543237250554324,5.0,902.0
1240,single_n0,lh,10,0.55,0.75,0.0055248618784530384,5.0,905.0
1241,single_n0,lh,10,0.55,0.8500000000000001,0.013348164627363738,12.0,899.0
1242,single_n0,lh,10,0.6500000000000001,0.05,0.008948545861297539,8.0,894.0
1243,single_n0,lh,10,0.6500000000000001,0.15000000000000002,0.006430868167202572,6.0,933.0
1244,single_n0,lh,10,0.6500000000000001,0.25,0.005567928730512249,5.0,898.0
1245,single_n0,lh,10,0.6500000000000001,0.35000000000000003,0.004449388209121246,4.0,899.0
1246,single_n0,lh,10,0.6500000000000001,0.45,0.011840688912809472,11.0,929.0
1247,single_n0,lh,10,0.6500000000000001,0.55,0.008537886872998933,8.0,937.0
1248,single_n0,lh,10,0.6500000000000001,0.6500000000000001,0.0022222222222222222,2.0,900.0
1249,single_n0,lh,10,0.6500000000000001,0.75,0.007391763463569166,7.0,947.0
1250,single_n0,lh,10,0.6500000000000001,0.8500000000000001,0.008988764044943821,8.0,890.0
1251,single_n0,lh,10,0.75,0.05,0.006423982869379015,6.0,934.0
1252,single_n0,lh,10,0.75,0.15000000000000002,0.004188481675392671,4.0,955.0
1253,single_n0,lh,10,0.75,0.25,0.004310344827586207,4.0,928.0
1254,single_n0,lh,10,0.75,0.35000000000000003,0.0062827225130890054,6.0,955.0
1255,single_n0,lh,10,0.75,0.45,0.0,0.0,936.0
1256,single_n0,lh,10,0.75,0.55,0.00522466039707419,5.0,957.0
1257,single_n0,lh,10,0.75,0.6500000000000001,0.007692307692307693,7.0,910.0
1258,single_n0,lh,10,0.75,0.75,0.010822510822510822,10.0,924.0
1259,single_n0,lh,10,0.75,0.8500000000000001,0.011652542372881356,11.0,944.0
1260,single_n0,lh,10,0.8500000000000001,0.05,0.006423982869379015,6.0,934.0
1261,single_n0,lh,10,0.8500000000000001,0.15000000000000002,0.0031914893617021275,3.0,940.0
1262,single_n0,lh,10,0.8500000000000001,0.25,0.0022396416573348264,2.0,893.0
1263,single_n0,lh,10,0.8500000000000001,0.35000000000000003,0.007352941176470588,7.0,952.0
1264,single_n0,lh,10,0.8500000000000001,0.45,0.00425531914893617,4.0,940.0
1265,single_n0,lh,10,0.8500000000000001,0.55,0.008908685968819599,8.0,898.0
1266,single_n0,lh,10,0.8500000000000001,0.6500000000000001,0.007608695652173913,7.0,920.0
1267,single_n0,lh,10,0.8500000000000001,0.75,0.005656108597285068,5.0,884.0
1268,single_n0,lh,10,0.8500000000000001,0.8500000000000001,0.01088139281828074,10.0,919.0
1269,single_n0,lh,10,0.95,0.05,0.0020942408376963353,2.0,955.0
1270,single_n0,lh,10,0.95,0.15000000000000002,0.004357298474945534,4.0,918.0
1271,single_n0,lh,10,0.95,0.25,0.0032085561497326204,3.0,935.0
1272,single_n0,lh,10,0.95,0.35000000000000003,0.0020768431983385254,2.0,963.0
1273,single_n0,lh,10,0.95,0.45,0.006659267480577136,6.0,901.0
1274,single_n0,lh,10,0.95,0.55,0.005175983436853002,5.0,966.0
1275,single_n0,lh,10,0.95,0.6500000000000001,0.008592910848549946,8.0,931.0
1276,single_n0,lh,10,0.95,0.75,0.0063025210084033615,6.0,952.0
1277,single_n0,lh,10,0.95,0.8500000000000001,0.012542759407069556,11.0,877.0
1278,single_n0,lh,10,1.05,0.05,0.003236245954692557,3.0,927.0
1279,single_n0,lh,10,1.05,0.15000000000000002,0.005252100840336135,5.0,952.0
1280,single_n0,lh,10,1.05,0.25,0.003194888178913738,3.0,939.0
1281,single_n0,lh,10,1.05,0.35000000000000003,0.004550625711035267,4.0,879.0
1282,single_n0,lh,10,1.05,0.45,0.00437636761487965,4.0,914.0
1283,single_n0,lh,10,1.05,0.55,0.004324324324324324,4.0,925.0
1284,single_n0,lh,10,1.05,0.6500000000000001,0.004381161007667032,4.0,913.0
1285,single_n0,lh,10,1.05,0.75,0.006764374295377677,6.0,887.0
1286,single_n0,lh,10,1.05,0.8500000000000001,0.008281573498964804,8.0,966.0
1287,single_n0,lh,10,1.1500000000000001,0.05,0.003374578177727784,3.0,889.0
1288,single_n0,lh,10,1.1500000000000001,0.15000000000000002,0.0011325028312570782,1.0,883.0
1289,single_n0,lh,10,1.1500000000000001,0.25,0.006430868167202572,6.0,933.0
1290,single_n0,lh,10,1.1500000000000001,0.35000000000000003,0.007616974972796518,7.0,919.0
1291,single_n0,lh,10,1.1500000000000001,0.45,0.001088139281828074,1.0,919.0
1292,single_n0,lh,10,1.1500000000000001,0.55,0.007717750826901874,7.0,907.0
1293,single_n0,lh,10,1.1500000000000001,0.6500000000000001,0.009072580645161291,9.0,992.0
1294,single_n0,lh,10,1.1500000000000001,0.75,0.00322234156820623,3.0,931.0
1295,single_n0,lh,10,1.1500000000000001,0.8500000000000001,0.008743169398907104,8.0,915.0
